"id_person_unique","id_fam1968","employed","emp_2023","sex","age_2021","emp_2021","educ_yrs_2021","days_unemp_2021","flourish_2021","soc_anxiety_2021","fam_expend_2021","female","emp_2021_working","log_fam_expend_2021","age_2023","food_ranout_2023","food_notlast_2023"
"5_33",5,1,1,1,26,1,12,0,13,4,46060,0,1,10.737721883951,28,NA,NA
"7_48",7,1,2,2,24,1,12,0,14,4,26648,1,1,10.1905069054378,26,NA,NA
"7_51",7,1,1,2,19,3,10,0,15,4,37784,1,0,10.5396674774548,21,3,3
"7_206",7,1,1,1,26,1,12,0,17,4,21279.9,0,1,9.96556523579433,28,NA,NA
"14_33",14,1,1,2,26,3,17,0,12,3,42330,1,0,10.6532749571433,28,NA,NA
"16_34",16,1,1,2,23,1,16,0,11,4,58604,1,1,10.9785752961573,24,NA,NA
"18_41",18,1,1,1,26,1,12,0,16,3,82877.78,0,1,11.3251343373077,28,NA,NA
"18_45",18,1,1,2,22,1,12,0,16,3,39295.65,1,1,10.5788945524938,23,NA,NA
"22_32",22,1,1,1,21,1,14,0,11,2,34322,0,1,10.4435709623691,23,NA,NA
"39_31",39,1,1,2,26,1,16,0,14,5,47785,1,1,10.7744879885505,28,NA,NA
"41_32",41,0,3,2,21,1,12,0,7,5,29117.84,1,1,10.2791406663523,23,NA,NA
"41_34",41,1,1,2,19,1,10,0,12,5,47041.93,1,1,10.7588158680477,21,NA,NA
"41_35",41,1,1,1,19,1,12,0,10,4,20011.93,0,1,9.90413384364503,21,NA,NA
"41_37",41,0,3,2,16,1,12,NA,NA,NA,75330.3,1,1,11.2296509980716,18,NA,NA
"45_35",45,0,3,2,16,7,11,NA,NA,NA,42674.87,1,0,10.6613889340981,18,NA,NA
"47_39",47,1,1,2,24,1,16,0,13,4,75151.45,1,1,11.2272739961134,27,NA,NA
"47_40",47,1,1,2,24,1,16,0,12,3,59230,1,1,10.9892003324646,26,NA,NA
"51_34",51,1,1,1,18,1,11,0,4,4,52723.26,0,1,10.8728309701608,20,NA,NA
"53_43",53,1,1,1,21,1,12,0,11,4,40732.97,0,1,10.6148176670439,23,NA,NA
"53_45",53,1,1,2,17,7,11,0,8,5,44420,1,0,10.7014676095768,19,NA,NA
"53_205",53,1,1,1,24,8,12,0,15,3,55240,0,0,10.9194607101834,26,NA,NA
"68_31",68,1,1,1,21,8,12,0,10,4,81228.72,0,0,11.3050364690367,23,NA,NA
"84_36",84,1,1,2,25,1,14,0,13,5,19280,1,1,9.8668754340394,27,NA,NA
"90_32",90,1,1,2,25,1,16,0,13,2,81046.51,1,1,11.3027908049152,27,NA,NA
"105_41",105,1,1,2,23,3,12,0,18,2,34449.54,1,0,10.4472799512101,25,NA,NA
"113_32",113,1,1,2,20,1,13,0,9,5,59055.36,1,1,10.9862475211602,22,NA,NA
"117_33",117,1,1,1,24,1,16,0,15,2,76757.58,0,1,11.2484204507322,26,NA,NA
"119_32",119,1,1,2,26,1,11,0,5,5,37322.26,1,1,10.5273720037722,28,NA,NA
"119_33",119,0,3,2,22,3,13,0,12,5,29066.27,1,0,10.2773680778943,24,NA,NA
"122_38",122,1,1,1,25,1,12,0,16,2,42622.25,0,1,10.6601551580245,27,NA,NA
"122_42",122,1,1,2,17,1,12,NA,NA,NA,98866.94,1,1,11.5015402992336,19,2,2
"129_43",129,1,1,2,23,3,12,0,11,3,17610.58,1,0,9.7763119192145,25,NA,NA
"156_32",156,1,1,1,20,1,11,0,16,3,78854.86,0,1,11.2753769079556,22,NA,NA
"172_40",172,1,1,1,21,7,16,0,14,2,56380,0,0,10.9398875012969,23,NA,NA
"173_40",173,1,1,2,24,6,11,0,12,4,37131.03,1,0,10.522235218448,26,NA,NA
"173_42",173,1,1,1,20,1,13,0,12,2,40790,0,1,10.6162167478238,21,NA,NA
"174_41",174,1,1,2,25,1,16,0,17,2,90559.06,1,1,11.413768555981,26,NA,NA
"200_36",200,1,1,2,22,1,13,0,11,4,18899.55,1,1,9.84694630115342,24,NA,NA
"200_38",200,1,1,2,19,1,13,NA,NA,NA,76540,1,1,11.2455818239584,20,NA,NA
"200_39",200,1,1,2,18,1,11,0,8,4,99120,1,1,11.5040966050334,21,NA,NA
"200_41",200,0,3,1,17,7,11,0,12,2,76540,0,0,11.2455818239584,19,3,3
"200_42",200,1,1,2,16,1,9,NA,NA,NA,76540,1,1,11.2455818239584,18,3,3
"203_33",203,1,1,2,25,1,17,0,15,4,168307,1,1,12.0335509132144,27,NA,NA
"203_34",203,1,1,2,23,1,16,0,13,3,168307,1,1,12.0335509132144,25,NA,NA
"231_30",231,1,1,2,20,1,14,0,10,4,78766.43,1,1,11.2742548655306,22,NA,NA
"236_32",236,1,1,2,25,1,16,0,14,3,121938.05,1,1,11.7112766087147,27,NA,NA
"242_32",242,1,1,2,19,1,14,0,17,3,46623.1,1,1,10.7498728538107,20,NA,NA
"244_31",244,1,1,2,24,1,14,0,8,4,33590.58,1,1,10.422030719309,25,NA,NA
"245_35",245,0,3,2,23,1,16,0,14,3,36260.4,1,1,10.4985090936021,25,NA,NA
"250_33",250,1,1,1,22,1,16,0,11,3,105890,0,1,11.5701655421423,24,3,3
"250_34",250,1,1,2,20,1,12,0,13,3,41167.6,1,1,10.6254311088421,22,NA,NA
"257_40",257,1,1,1,26,1,11,NA,NA,NA,62051.63,0,1,11.0357381749078,28,NA,NA
"263_40",263,1,1,1,23,1,12,0,8,1,34228.12,0,1,10.4408320227509,25,NA,NA
"263_41",263,1,1,2,20,1,14,0,9,5,57680,1,1,10.9626831088404,22,NA,NA
"284_31",284,1,1,1,26,1,16,0,17,3,71898.33,0,1,11.1830222251678,28,NA,NA
"287_192",287,0,3,2,24,1,12,0,5,5,24577.04,1,1,10.1096086403149,26,NA,NA
"297_49",297,1,1,2,26,1,17,0,17,3,46049.94,1,1,10.7375034540701,28,NA,NA
"297_51",297,1,1,1,22,1,11,0,11,2,73090.39,0,1,11.1994658549431,24,NA,NA
"297_54",297,1,1,1,23,1,NA,NA,NA,NA,58664,0,1,10.9795985758577,25,NA,NA
"297_55",297,1,1,2,22,1,14,0,10,3,70267.1,1,1,11.1600732052552,24,NA,NA
"297_57",297,1,1,1,22,1,14,0,14,4,51568,0,1,10.8506759957381,24,NA,NA
"297_59",297,1,1,2,19,1,NA,0,14,1,35405.84,1,1,10.4746603007962,22,NA,NA
"301_41",301,1,1,2,22,1,15,NA,NA,NA,46576,1,1,10.74886213604,24,NA,NA
"301_42",301,1,1,2,20,1,11,NA,NA,NA,46576,1,1,10.74886213604,22,NA,NA
"311_34",311,1,1,1,16,7,10,NA,NA,NA,28120,0,0,10.24427190717,18,NA,NA
"312_32",312,1,1,1,26,1,14,NA,NA,NA,37579.58,0,1,10.5342427065897,27,NA,NA
"312_33",312,0,3,2,22,1,12,0,8,4,30975.59,1,1,10.340987036899,24,NA,NA
"317_36",317,1,1,1,17,7,10,NA,NA,NA,141460,0,0,11.8597793397011,19,3,3
"323_34",323,1,1,1,25,1,14,0,10,4,31913.99,0,1,10.3708310843578,27,NA,NA
"327_33",327,1,1,2,25,1,12,0,14,3,15959.76,1,1,9.67788848891767,27,NA,NA
"331_33",331,1,1,2,22,7,16,0,16,3,72740.21,1,0,11.1946633529916,25,NA,NA
"343_33",343,1,1,1,24,1,13,0,12,3,124836,0,1,11.7347641653366,27,NA,NA
"350_31",350,1,1,2,25,6,17,0,17,3,47324,1,0,10.7647939760775,28,NA,NA
"354_33",354,1,1,1,21,1,12,0,7,2,73644.86,0,1,11.2070232084982,23,NA,NA
"356_31",356,1,1,2,26,7,15,0,9,4,29030.63,1,0,10.276141204254,28,NA,NA
"356_32",356,1,1,1,25,1,11,0,9,3,59675,0,1,10.9966852085027,27,NA,NA
"356_33",356,1,1,1,23,1,13,0,5,3,72355.11,0,1,11.1893551790813,25,NA,NA
"356_36",356,1,1,2,17,7,11,NA,NA,NA,51210,1,0,10.843709631702,20,3,3
"377_31",377,1,1,1,25,1,16,0,14,2,72610,0,1,11.1928717044871,27,NA,NA
"377_32",377,1,1,1,23,3,16,0,11,4,101224,0,0,11.5251010409004,25,NA,NA
"409_35",409,1,1,2,21,1,15,0,13,5,96469,1,1,11.4769873581646,23,NA,NA
"409_36",409,1,1,2,17,7,11,NA,NA,NA,96469,1,0,11.4769873581646,19,NA,NA
"419_40",419,0,3,2,20,7,12,0,18,5,7848,1,0,8.96814141412681,22,NA,NA
"433_38",433,1,1,1,26,1,16,0,13,3,38760,0,1,10.5651698654655,28,NA,NA
"433_39",433,1,1,2,25,1,14,0,12,3,31672.43,1,1,10.3632334380572,27,NA,NA
"433_40",433,0,3,1,24,3,10,0,13,4,41004,0,0,10.6214492894705,27,NA,NA
"452_42",452,1,1,2,19,7,13,0,6,4,59611,1,0,10.9956121750687,21,NA,NA
"455_35",455,1,1,2,22,1,12,0,12,2,62387.73,1,1,11.0411399290714,24,NA,NA
"461_32",461,1,1,2,18,7,12,0,15,3,35821.7,1,0,10.4863370496584,21,3,3
"473_36",473,1,1,1,26,1,17,0,15,4,43402,0,1,10.6782838421235,27,NA,NA
"473_37",473,1,1,2,22,1,16,0,17,3,61430.86,1,1,11.0256838720652,24,NA,NA
"478_45",478,1,1,1,17,1,10,0,7,4,91781,0,1,11.4271714789513,19,NA,NA
"486_31",486,1,1,2,24,1,16,0,15,4,31186.34,1,1,10.3477675222202,26,3,3
"486_32",486,1,1,1,24,1,16,0,16,3,57672.64,0,1,10.9625555023565,25,NA,NA
"490_32",490,1,1,1,26,1,14,0,15,2,61540.46,0,1,11.0274663730015,28,NA,NA
"490_33",490,1,1,1,20,7,15,0,11,2,120056,0,0,11.6957219089874,23,3,3
"495_39",495,1,2,1,18,7,11,NA,NA,NA,32002.82,0,0,10.3736105496572,20,NA,NA
"496_33",496,1,1,2,17,7,12,0,6,5,24913.21,1,0,10.1231936024063,20,NA,NA
"510_31",510,1,1,1,25,1,16,0,6,2,16560,0,1,9.71480581258949,26,NA,NA
"510_32",510,1,1,1,22,1,14,0,16,3,30678.89,0,1,10.3313626700771,23,NA,NA
"517_34",517,1,1,1,26,1,16,0,15,3,142255.67,0,1,11.8653882401687,28,3,3
"517_35",517,1,1,1,23,1,14,0,15,4,67179,0,1,11.1151308631663,25,NA,NA
"534_32",534,1,1,1,26,6,15,0,16,5,99187.44,0,0,11.5047767542245,28,NA,NA
"534_33",534,1,1,1,22,7,16,0,14,2,99187.44,0,0,11.5047767542245,24,NA,NA
"548_39",548,1,1,1,24,1,17,0,12,5,31249.87,0,1,10.349802494777,26,NA,NA
"548_40",548,1,1,2,24,1,17,0,15,3,66480,1,1,11.1046714715341,26,NA,NA
"548_41",548,1,1,1,22,1,15,0,11,3,69806.72,0,1,11.1534998843537,24,2,3
"548_42",548,1,1,1,22,1,12,0,11,4,69806.72,0,1,11.1534998843537,24,2,2
"556_37",556,0,3,1,24,1,12,0,13,1,53520.04,0,1,10.8878301266014,26,NA,NA
"557_34",557,1,1,1,23,1,12,0,9,3,44886.4,0,1,10.7119124107402,25,NA,NA
"557_35",557,1,1,2,19,1,13,0,14,4,18990,1,1,9.85172046171425,21,NA,NA
"563_46",563,1,1,1,23,2,11,0,15,3,51509.26,0,1,10.8495362901105,26,NA,NA
"563_51",563,0,3,1,18,3,11,0,13,4,37433.65,0,0,10.5303520250819,21,NA,NA
"563_52",563,1,1,2,17,6,12,0,9,3,35760,1,0,10.4846131931023,20,NA,NA
"563_53",563,0,3,2,16,7,10,NA,NA,NA,546840,1,0,13.2119133627327,18,NA,NA
"565_34",565,1,1,1,26,1,15,0,15,4,49824.58,0,1,10.8162837857558,28,NA,NA
"570_37",570,1,2,1,20,3,10,0,8,2,38239.3,0,0,10.5516452123228,22,NA,NA
"570_38",570,1,1,1,19,3,10,0,6,1,38239.3,0,0,10.5516452123228,21,3,3
"573_36",573,1,1,1,25,1,17,0,10,3,70760,0,1,11.167063280452,27,NA,NA
"582_35",582,1,1,1,17,7,11,0,14,3,44474,0,0,10.702682512534,20,3,3
"593_32",593,1,1,2,26,1,16,0,15,2,65733.8,1,1,11.0933837446069,28,NA,NA
"593_34",593,1,1,2,24,1,16,0,15,3,30051.88,1,1,10.3107137756372,25,NA,NA
"597_37",597,1,2,1,25,1,12,NA,NA,NA,30746.72,0,1,10.3335711241442,26,NA,NA
"602_35",602,1,1,1,25,1,7,NA,NA,NA,27102.75,0,1,10.2074273736784,28,NA,NA
"602_36",602,0,3,2,18,7,10,0,11,5,8800,1,0,9.08262063037381,21,NA,NA
"607_45",607,1,1,1,19,1,12,0,12,2,53156.12,0,1,10.8810073352874,21,NA,NA
"607_46",607,0,3,1,17,3,11,0,16,3,49440,0,0,10.8085353184642,20,NA,NA
"626_47",626,0,3,1,24,3,12,0,7,2,13132.02,0,0,9.48288494846529,26,NA,NA
"626_210",626,0,3,2,23,6,12,0,11,3,46392.91,1,0,10.7449234796003,25,NA,NA
"628_34",628,1,1,1,26,1,14,0,12,2,38288.68,0,1,10.552935687163,28,NA,NA
"631_37",631,1,1,2,21,1,12,0,9,4,36511.42,1,1,10.5054077556631,23,NA,NA
"632_32",632,1,2,2,16,1,11,NA,NA,NA,61069.06,1,1,11.0197770086958,19,NA,NA
"633_42",633,1,1,2,24,1,12,0,NA,2,63720,1,1,11.0622694575606,26,NA,NA
"633_43",633,1,1,2,20,1,12,0,14,3,17338,1,1,9.76071357854467,22,NA,NA
"641_33",641,1,1,1,17,7,12,0,15,3,26270,0,0,10.1762209481903,19,NA,NA
"647_35",647,1,1,2,21,7,12,0,9,3,48282.61,1,0,10.7848474445786,24,NA,NA
"647_38",647,1,1,2,16,1,10,NA,NA,NA,14024.06,1,1,9.54860100845661,18,NA,NA
"652_37",652,1,1,1,26,1,16,0,13,3,49457,0,1,10.8088791035413,28,NA,NA
"654_33",654,1,1,1,26,1,12,0,10,4,16180,0,1,9.69159299339981,27,NA,NA
"654_34",654,1,1,1,20,1,12,0,18,2,58928.37,0,1,10.9840948871249,22,NA,NA
"655_30",655,1,1,2,26,1,16,0,15,3,23787.78,1,1,10.0769693199308,28,NA,NA
"655_31",655,1,1,1,25,1,16,NA,NA,NA,22760,0,1,10.0328038240062,26,NA,NA
"672_31",672,1,1,2,16,3,10,NA,NA,NA,41471.73,1,0,10.6327913817947,18,NA,NA
"673_36",673,1,1,1,20,1,12,0,14,2,112560,0,1,11.6312505758995,22,NA,NA
"674_33",674,1,1,1,19,1,12,0,12,3,43500,0,1,10.6805392053183,21,NA,NA
"677_39",677,0,3,2,17,7,11,NA,NA,NA,37320,1,0,10.5273114498863,19,NA,NA
"691_35",691,1,1,1,26,7,NA,NA,NA,NA,68420,0,0,11.1334350740343,28,NA,NA
"691_36",691,1,1,2,25,1,16,0,15,3,65029.29,1,1,11.0826084403335,27,NA,NA
"691_37",691,0,3,2,20,7,14,0,13,4,30520,1,0,10.3261702502614,22,NA,NA
"707_32",707,1,1,2,25,1,15,0,14,3,38140,1,1,10.5490450980031,27,NA,NA
"707_33",707,1,1,1,22,1,12,0,14,3,35726.5,0,1,10.4836759793559,24,NA,NA
"709_39",709,1,1,1,26,1,14,0,13,3,22220,0,1,10.0087930666814,28,NA,NA
"709_40",709,1,1,2,24,3,12,0,12,3,34520,1,0,10.4493231134916,26,NA,NA
"709_41",709,1,1,1,19,3,11,0,14,4,60440,0,0,11.009422961584,22,2,2
"709_43",709,1,1,2,21,1,NA,0,5,5,49504.82,1,1,10.8098455174029,24,NA,NA
"709_44",709,0,3,1,19,1,12,0,10,4,103088,0,1,11.5433479717815,21,1,1
"713_39",713,1,1,1,26,1,12,0,18,2,46910.63,0,1,10.7560208981074,28,NA,NA
"717_33",717,1,1,1,24,1,12,0,13,4,44900,0,1,10.7122153451973,27,NA,NA
"719_32",719,1,1,1,24,1,17,0,17,2,90078,0,1,11.4084423420686,26,NA,NA
"719_33",719,0,3,1,22,3,15,0,13,4,19252,0,0,9.86542217172934,24,NA,NA
"722_37",722,1,1,1,23,1,12,0,16,2,32880,0,1,10.4006502623329,25,NA,NA
"727_31",727,1,1,1,22,7,16,0,8,3,72998.53,0,0,11.1982082817536,24,NA,NA
"728_34",728,1,1,2,23,7,16,0,9,5,30340,1,0,10.3202552121484,25,NA,NA
"729_41",729,1,1,2,26,1,16,0,14,5,48200,1,1,10.7831350467114,28,NA,NA
"729_42",729,1,1,2,26,1,14,0,17,5,24200,1,1,10.0941492336051,28,NA,NA
"733_175",733,1,1,1,22,3,13,0,13,4,32060,0,0,10.375395617193,24,NA,NA
"734_34",734,1,1,1,24,1,16,0,12,4,33302.37,0,1,10.4134138720492,25,NA,NA
"734_36",734,1,1,2,24,1,17,0,16,2,64083.02,1,1,11.0679503138569,26,NA,NA
"734_37",734,1,1,1,22,1,16,0,12,4,26931.97,0,1,10.2011064656511,25,NA,NA
"734_38",734,0,3,1,22,1,15,0,8,3,90216,0,1,11.409973158359,24,NA,NA
"749_37",749,1,1,2,20,6,12,0,12,3,45500,1,0,10.7254895827195,22,3,3
"750_34",750,1,1,1,25,1,12,0,12,4,75763.38,0,1,11.2353835403387,26,NA,NA
"750_35",750,1,1,2,22,1,12,0,9,5,34440.5,1,1,10.4470175116002,24,NA,NA
"751_38",751,1,1,1,25,1,12,0,10,5,18838.48,0,1,9.84370994690019,27,NA,NA
"751_39",751,1,1,2,24,1,12,0,14,4,62418.6,1,1,11.0416346076017,26,NA,NA
"751_40",751,0,3,1,24,3,12,0,17,1,11752.99,0,0,9.37194803639803,26,NA,NA
"751_42",751,1,1,2,18,7,11,0,11,5,26838,1,0,10.1976113325674,20,NA,NA
"751_44",751,1,1,1,16,7,11,NA,NA,NA,24320,0,0,10.0990954536558,19,NA,NA
"762_32",762,1,1,2,17,1,10,0,13,4,188227.43,1,1,12.1454115574239,20,NA,NA
"773_38",773,0,3,1,21,1,15,0,10,5,78990,0,1,11.2770892009087,23,NA,NA
"773_39",773,1,1,1,17,7,11,0,16,4,78990,0,0,11.2770892009087,19,NA,NA
"773_40",773,1,1,2,16,7,11,NA,NA,NA,58110,1,0,10.9701102536631,19,NA,NA
"775_31",775,1,1,2,26,1,15,0,13,3,25227.89,1,1,10.1357450454235,28,NA,NA
"783_31",783,1,1,2,25,1,16,0,16,1,103200,1,1,11.5444338219051,27,NA,NA
"783_33",783,1,1,2,22,1,17,0,14,3,33548.68,1,1,10.4207826043514,24,NA,NA
"789_31",789,1,1,2,23,1,13,0,10,4,20070,1,1,9.90703126615949,24,NA,NA
"826_33",826,1,1,2,23,1,12,0,15,5,62860,1,1,11.0486812185928,25,NA,NA
"826_34",826,1,1,1,22,1,14,0,11,4,31704,0,1,10.3642296761341,24,NA,NA
"826_36",826,1,1,2,18,7,11,3,11,4,40860,1,0,10.6179313418852,21,NA,NA
"833_36",833,1,1,1,24,1,14,0,16,2,36923.65,0,1,10.5166346286817,26,NA,NA
"833_38",833,1,1,2,20,1,14,0,16,3,24667.27,1,1,10.1132730814058,21,NA,NA
"835_34",835,0,3,2,20,7,13,0,14,4,208600,1,0,12.2481786154012,22,3,3
"838_32",838,1,1,2,16,1,10,NA,NA,NA,65676.01,1,1,11.0925042193385,18,NA,NA
"840_42",840,1,1,2,26,3,13,0,15,4,27929.7,1,0,10.2374817212818,28,NA,NA
"840_45",840,0,3,1,22,2,12,0,17,1,22971.53,0,1,10.0420544332834,24,NA,NA
"840_46",840,0,3,2,24,7,9,0,18,3,39948,1,0,10.595358919592,26,NA,NA
"840_48",840,0,3,2,20,3,12,0,12,3,39060,1,0,10.5728798057415,23,2,2
"840_49",840,1,2,1,20,3,12,0,12,4,15944.07,0,0,9.67690496952546,21,NA,NA
"843_31",843,1,1,1,24,1,17,0,14,3,72998.01,0,1,11.1982011583947,26,NA,NA
"844_36",844,0,3,2,21,1,15,0,10,5,28472,1,1,10.2567115487986,23,NA,NA
"844_37",844,1,1,2,19,1,13,0,12,5,81321.07,1,1,11.3061727224109,21,NA,NA
"848_30",848,1,1,1,22,1,13,0,15,5,32252,0,1,10.3813663411533,24,3,3
"853_30",853,1,1,2,24,1,16,0,13,3,43682,1,1,10.684714289379,26,NA,NA
"863_36",863,1,1,1,25,1,16,0,7,5,69120,0,1,11.1436138709659,27,NA,NA
"863_37",863,1,1,1,23,1,16,0,14,4,69120,0,1,11.1436138709659,25,NA,NA
"868_36",868,1,1,1,26,1,16,0,13,2,74172,0,1,11.214155481533,28,NA,NA
"876_32",876,1,1,1,23,1,15,0,16,3,53019.17,0,1,10.8784276861751,26,NA,NA
"893_32",893,1,1,1,25,1,17,0,14,3,48400.58,0,1,10.7872877368,26,NA,NA
"893_33",893,1,1,1,19,3,12,NA,NA,NA,256084,0,0,12.4532646996015,21,3,3
"897_36",897,1,1,1,19,1,12,0,16,5,75598.05,0,1,11.2331989959511,21,NA,NA
"899_34",899,1,1,1,22,1,14,0,8,5,62677.68,0,1,11.0457766368991,24,NA,NA
"904_30",904,1,1,2,22,1,14,0,10,3,34550,1,1,10.450191772337,24,NA,NA
"915_36",915,1,1,1,26,2,17,0,10,3,64393.8,0,1,11.0727881634907,28,NA,NA
"921_31",921,1,1,1,21,3,12,0,5,5,45753.03,0,0,10.7310351542559,23,NA,NA
"922_35",922,1,1,1,25,1,17,0,12,3,144523.87,0,1,11.8812068824519,27,NA,NA
"922_36",922,1,1,1,24,1,16,0,13,2,60664,0,1,11.013122204486,27,NA,NA
"922_37",922,1,1,1,23,1,16,0,17,2,59239.34,0,1,10.9893580077306,25,3,3
"923_30",923,1,1,2,21,2,13,0,13,4,68813,1,1,11.1391624915926,23,NA,NA
"931_32",931,1,1,1,27,1,16,0,16,4,54380,0,1,10.903770107131,28,NA,NA
"931_33",931,1,1,1,25,1,14,0,12,3,32884,0,1,10.4007719057355,26,NA,NA
"934_34",934,1,1,2,23,1,14,0,7,4,35252.41,1,1,10.4703175411503,25,NA,NA
"934_35",934,1,1,1,22,1,12,0,11,4,60535.24,0,1,11.0109974729496,24,NA,NA
"941_37",941,1,1,2,26,6,13,0,8,2,22960,1,0,10.041552403492,28,NA,NA
"941_38",941,1,1,1,24,1,16,0,13,3,63197.55,0,1,11.0540366368338,26,NA,NA
"951_32",951,1,1,2,23,1,16,0,13,5,39631.59,1,1,10.5874070385784,24,NA,NA
"951_33",951,0,3,2,16,7,10,NA,NA,NA,51115,1,0,10.8418528387286,18,3,3
"961_38",961,1,1,1,25,1,12,0,9,5,41140,0,1,10.6247604701551,27,NA,NA
"961_40",961,1,1,2,20,7,12,0,6,3,8224,1,0,9.01493357563357,22,NA,NA
"988_33",988,1,1,2,16,7,12,NA,NA,NA,77810,1,0,11.2620380883469,18,NA,NA
"998_33",998,0,3,2,25,1,16,0,12,3,63711.19,1,1,11.0621311890292,27,NA,NA
"1014_33",1014,1,1,1,23,1,13,0,15,1,83072.27,0,1,11.3274782684498,25,NA,NA
"1036_34",1036,1,1,1,17,7,11,0,8,5,135075.38,0,0,11.8135956752064,19,3,3
"1036_35",1036,1,1,2,17,7,11,0,14,4,135075.38,1,0,11.8135956752064,19,3,3
"1038_34",1038,1,1,2,22,1,14,0,13,4,50728.79,1,1,10.8342685909898,24,NA,NA
"1043_38",1043,1,1,2,26,1,15,0,14,3,54223.07,1,1,10.9008801847873,28,NA,NA
"1043_39",1043,0,3,1,18,7,12,0,8,3,20877.37,0,0,9.94646897381523,20,NA,NA
"1048_42",1048,1,1,1,19,1,12,0,9,3,55142.34,0,1,10.91769125583,21,NA,NA
"1048_45",1048,0,3,1,16,7,9,NA,NA,NA,27490.05,0,0,10.2216157761374,19,NA,NA
"1048_46",1048,0,3,1,16,7,8,NA,NA,NA,126997.28,0,0,11.7519288220419,18,2,1
"1048_203",1048,1,1,2,21,1,12,0,9,5,41274.92,1,1,10.6280345580614,23,NA,NA
"1048_247",1048,0,3,1,26,6,9,0,9,3,23890,0,0,10.081257097962,28,NA,NA
"1051_48",1051,1,1,2,20,1,13,0,12,4,78708,1,1,11.2735127861898,23,NA,NA
"1055_183",1055,1,1,2,19,3,12,0,13,3,5747.35,1,0,8.65666813608976,20,NA,NA
"1060_32",1060,1,1,1,24,1,13,0,7,3,24287.01,0,1,10.0977380919212,26,NA,NA
"1060_33",1060,1,1,2,20,8,13,0,7,3,34915,1,0,10.4607004558552,23,NA,NA
"1060_34",1060,1,1,2,18,1,11,0,10,4,46395.92,1,1,10.7449883567008,20,NA,NA
"1066_36",1066,1,1,1,22,1,11,0,8,4,24506.87,0,1,10.1067495694411,24,NA,NA
"1066_37",1066,1,1,1,19,1,12,0,5,4,110700,0,1,11.6145881520796,21,NA,NA
"1066_38",1066,1,1,1,17,8,12,0,8,5,47585.26,0,0,10.7702993430883,19,NA,NA
"1066_176",1066,1,1,2,23,1,12,0,12,3,32079.97,1,1,10.3760182984311,25,NA,NA
"1068_34",1068,1,1,1,22,8,NA,0,NA,1,23152.56,0,0,10.0499038273891,24,NA,NA
"1072_33",1072,1,1,1,17,7,11,0,16,2,60622.12,0,0,11.0124316174497,19,3,3
"1080_31",1080,1,1,2,16,7,9,NA,NA,NA,69894,1,0,11.1547493949052,18,NA,NA
"1088_39",1088,1,1,1,20,1,14,0,13,4,81002.83,0,1,11.3022517164873,23,NA,NA
"1089_32",1089,1,1,1,18,7,12,NA,NA,NA,104660,0,0,11.5584818346293,20,3,3
"1093_35",1093,1,1,1,26,1,17,0,17,1,78920,0,1,11.2762026311156,28,NA,NA
"1094_32",1094,1,1,2,23,1,16,0,18,1,44078,1,1,10.6937387575441,24,NA,NA
"1094_33",1094,1,1,1,19,3,10,0,18,5,27000,0,0,10.2036291813376,21,NA,NA
"1096_33",1096,1,1,1,25,1,13,0,6,3,57296,0,1,10.9560035453113,28,NA,NA
"1096_37",1096,1,1,2,20,1,12,0,17,4,35214,1,1,10.4692274071795,21,NA,NA
"1097_32",1097,1,1,2,16,7,11,NA,NA,NA,116432.34,1,0,11.6650741993842,18,2,3
"1098_35",1098,1,1,2,21,1,14,0,9,4,28672.64,1,1,10.2637335127996,23,NA,NA
"1100_33",1100,1,1,2,25,1,12,0,8,3,45900.24,1,1,10.7342474109343,27,NA,NA
"1121_35",1121,1,1,2,21,1,12,0,16,2,102152.17,1,1,11.5342286325592,23,NA,NA
"1127_30",1127,1,1,2,26,1,14,0,13,4,26626,1,1,10.1896810175614,27,NA,NA
"1127_32",1127,0,3,1,20,7,14,0,15,4,13683.26,0,0,9.5240015462093,22,NA,NA
"1131_34",1131,1,1,2,26,1,13,0,16,5,83168,1,1,11.3286299612243,28,NA,NA
"1141_37",1141,1,1,2,24,1,15,0,10,4,14932.12,1,1,9.61133684391864,26,3,3
"1142_33",1142,1,1,1,24,1,14,0,13,3,89088,0,1,11.3973911490474,26,NA,NA
"1144_36",1144,1,1,2,26,1,17,0,13,4,75109.62,1,1,11.226717239206,28,NA,NA
"1151_41",1151,1,1,2,23,1,16,0,NA,3,55595.28,1,1,10.9258715715255,25,NA,NA
"1152_43",1152,1,1,1,17,7,11,0,NA,2,220080,0,0,12.3017509393904,19,NA,NA
"1152_190",1152,1,1,2,24,1,16,0,13,3,76863.42,1,1,11.2497983696212,26,NA,NA
"1161_32",1161,1,1,1,17,7,12,0,12,4,74771.93,0,0,11.2222112000658,19,NA,NA
"1163_45",1163,1,1,1,25,1,16,0,16,2,70490,0,1,11.1632403210767,27,NA,NA
"1163_46",1163,1,1,2,24,1,16,0,17,2,55420,1,1,10.9227138622816,25,NA,NA
"1168_38",1168,1,1,1,25,1,16,0,13,3,61700,0,1,11.0300554172176,27,NA,NA
"1168_42",1168,0,3,1,22,7,12,NA,NA,NA,50043.78,0,0,10.8206734835999,24,3,3
"1168_43",1168,0,3,1,20,7,11,NA,NA,NA,50043.78,0,0,10.8206734835999,22,NA,NA
"1168_44",1168,1,1,2,23,1,14,0,13,3,24043.84,1,1,10.0876756994996,25,NA,NA
"1168_47",1168,0,3,1,17,7,12,0,18,1,50043.78,0,0,10.8206734835999,19,NA,NA
"1168_48",1168,1,1,2,16,7,11,NA,NA,NA,58810,1,0,10.9820841912203,18,NA,NA
"1184_46",1184,0,3,1,24,1,14,0,14,3,86820,0,1,11.3716038068706,26,NA,NA
"1184_48",1184,1,2,2,17,7,11,NA,NA,NA,43804.66,1,0,10.6875183117602,19,3,3
"1185_34",1185,1,1,2,24,1,16,0,13,2,49160,1,1,10.8028559052143,26,NA,NA
"1203_33",1203,1,1,2,19,1,11,0,12,5,60361.09,1,1,11.0081165378622,21,NA,NA
"1211_30",1211,1,1,1,23,1,15,0,15,1,42743.37,0,1,10.6629927697858,24,NA,NA
"1213_32",1213,1,1,1,23,3,15,0,4,3,121482.19,0,0,11.7075311782815,25,NA,NA
"1213_33",1213,1,1,1,19,1,14,0,9,2,121482.19,0,1,11.7075311782815,21,3,2
"1221_37",1221,1,1,1,23,1,17,0,14,3,27852.68,0,1,10.2347203730714,25,NA,NA
"1227_35",1227,1,1,1,24,1,15,0,11,3,42165.26,0,1,10.6493756541663,26,NA,NA
"1230_33",1230,1,1,1,17,1,10,NA,NA,NA,21990,0,1,9.99838855773085,19,NA,NA
"1236_32",1236,1,1,1,26,1,12,0,13,3,22633.66,0,1,10.027237638772,28,NA,NA
"1249_30",1249,1,1,1,16,7,10,NA,NA,NA,96300,0,0,11.4752339819483,18,NA,NA
"1258_34",1258,1,1,2,25,1,16,0,15,4,42890.21,1,1,10.6664221888173,27,NA,NA
"1260_42",1260,1,1,2,26,1,16,0,14,3,74624,1,1,11.2202308506949,28,NA,NA
"1267_32",1267,1,1,2,20,7,16,0,13,4,124448.46,1,0,11.7316549686943,22,3,3
"1269_34",1269,1,1,1,21,3,14,0,13,3,29040,0,0,10.2764639036076,24,NA,NA
"1269_35",1269,1,1,1,20,1,14,0,16,3,143664.55,0,1,11.8752433077658,22,NA,NA
"1269_36",1269,1,1,1,19,7,10,NA,NA,NA,60030.22,0,0,11.0026200392111,21,NA,NA
"1269_177",1269,1,1,2,23,1,17,0,13,4,50938.61,1,1,10.8383960924382,24,NA,NA
"1284_34",1284,1,1,1,20,1,14,0,12,3,152011.64,0,1,11.9317189542657,22,NA,NA
"1300_34",1300,1,1,2,21,7,15,0,15,3,34120,1,0,10.4376683094997,23,NA,NA
"1314_30",1314,1,2,1,23,1,14,0,14,2,82280.21,0,1,11.3178980495411,25,NA,NA
"1314_31",1314,1,1,2,21,1,12,0,6,5,90780.4,1,1,11.4162096977906,23,NA,NA
"1314_32",1314,1,1,1,18,3,13,0,10,5,114965.42,0,0,11.6523953647051,21,NA,NA
"1314_33",1314,1,1,2,18,1,12,0,9,4,90780.4,1,1,11.4162096977906,20,3,3
"1332_33",1332,1,1,2,24,1,15,0,8,5,56150,1,1,10.935799769447,26,NA,NA
"1335_54",1335,1,1,1,26,1,16,0,16,1,39170.93,0,1,10.5757156978484,28,NA,NA
"1335_55",1335,1,2,1,25,3,13,0,10,4,40460,0,0,10.608093826185,27,NA,NA
"1335_56",1335,1,1,2,25,1,13,0,15,3,54732,1,1,10.9102220971798,27,NA,NA
"1335_60",1335,1,1,1,22,1,12,NA,NA,NA,46736,0,1,10.7522914211805,24,NA,NA
"1335_62",1335,1,1,1,22,1,15,0,8,4,59249,0,1,10.9895210589974,24,NA,NA
"1335_65",1335,1,1,2,18,1,10,0,5,4,59249,1,1,10.9895210589974,20,NA,NA
"1335_66",1335,1,1,2,18,3,12,0,9,5,33046.3,1,0,10.4056951475402,20,3,3
"1335_69",1335,1,1,1,16,7,9,NA,NA,NA,113646.18,0,0,11.6408540159504,18,NA,NA
"1336_36",1336,1,1,2,20,1,15,0,12,3,19948,1,1,9.90093429574841,22,NA,NA
"1338_30",1338,1,1,2,21,1,11,0,8,4,39846.57,1,1,10.5928167036891,23,3,3
"1342_32",1342,1,1,2,20,1,12,0,14,4,37900,1,1,10.5427327759467,22,NA,NA
"1342_33",1342,1,1,2,16,7,9,NA,NA,NA,38780,1,0,10.5656857149521,18,3,3
"1345_36",1345,1,1,1,23,1,15,0,8,4,57580,0,1,10.9609479311567,25,NA,NA
"1345_37",1345,1,1,1,21,1,15,0,11,3,87866.13,0,1,11.3835810660696,23,NA,NA
"1353_36",1353,1,1,1,19,7,NA,0,14,2,22590,0,0,10.0253068758572,22,NA,NA
"1353_40",1353,1,1,1,17,7,11,0,11,3,68780.04,0,0,11.1386834045466,20,NA,NA
"1368_32",1368,0,3,2,25,3,NA,0,NA,2,44510.65,1,0,10.7035062316441,26,NA,NA
"1383_183",1383,1,2,2,24,1,12,0,9,4,61425.4,1,1,11.0255949891524,26,NA,NA
"1384_31",1384,1,1,1,24,1,17,0,13,4,27050,0,1,10.205479252168,25,NA,NA
"1391_36",1391,1,1,1,16,1,10,NA,NA,NA,29690,0,1,10.2985992485648,19,NA,NA
"1394_40",1394,1,1,1,24,1,13,0,14,3,50304.83,0,1,10.825876253944,26,NA,NA
"1398_31",1398,1,1,2,23,1,12,0,12,4,20987.91,1,1,9.95174948197606,25,NA,NA
"1406_36",1406,1,1,1,16,7,10,NA,NA,NA,158895.03,0,0,11.9760053679459,18,NA,NA
"1407_32",1407,1,1,1,26,1,12,0,11,1,57536,0,1,10.9601834981029,28,NA,NA
"1411_47",1411,1,1,2,19,1,14,0,6,4,52746,1,1,10.8732621776831,21,NA,NA
"1411_191",1411,0,3,1,20,3,13,0,8,5,30560,0,0,10.3274799652582,23,NA,NA
"1411_208",1411,1,1,1,20,2,12,0,7,5,29425,0,1,10.2896339162579,22,NA,NA
"1426_41",1426,1,1,2,22,3,14,0,15,3,30296.17,1,0,10.3188095877955,24,NA,NA
"1426_43",1426,1,1,2,20,1,13,0,9,5,51643.33,1,1,10.8521356911743,22,3,3
"1426_188",1426,1,1,1,22,1,15,0,12,4,51643.33,0,1,10.8521356911743,24,NA,NA
"1429_31",1429,1,1,2,24,1,16,0,15,4,32610.74,1,1,10.3924276252256,26,NA,NA
"1431_31",1431,1,1,1,26,7,15,0,11,4,85099.02,0,0,11.3515825495791,28,NA,NA
"1431_173",1431,1,1,1,24,1,14,0,17,3,39716,0,1,10.5895345866058,26,NA,NA
"1434_36",1434,1,1,2,23,1,15,0,13,5,135547.99,1,1,11.817088403774,25,NA,NA
"1434_37",1434,1,1,1,23,7,17,0,14,4,129114.5,0,0,11.7684626315953,25,NA,NA
"1434_38",1434,1,1,2,18,1,12,0,9,3,135547.99,1,1,11.817088403774,20,NA,NA
"1434_39",1434,1,1,2,19,1,14,0,12,4,129114.5,1,1,11.7684626315953,22,NA,NA
"1434_40",1434,1,1,2,18,1,12,0,8,4,78893.19,1,1,11.2758628666067,21,NA,NA
"1434_41",1434,1,1,2,16,1,9,NA,NA,NA,129114.5,1,1,11.7684626315953,18,NA,NA
"1434_42",1434,1,1,2,17,7,10,0,10,5,72058.58,1,0,11.1852485558088,19,NA,NA
"1434_43",1434,1,1,1,16,1,10,NA,NA,NA,135547.99,0,1,11.817088403774,18,NA,NA
"1438_38",1438,1,1,1,22,1,13,0,6,5,29285.38,0,1,10.2848778405142,24,NA,NA
"1438_39",1438,1,1,2,20,1,12,0,14,2,78820,1,1,11.2749347378038,22,3,3
"1445_38",1445,1,1,2,22,1,12,0,13,4,24193.67,1,1,10.0938876399528,24,NA,NA
"1462_30",1462,1,1,1,23,1,16,0,13,2,62760,0,1,11.0470891404358,25,NA,NA
"1480_34",1480,1,1,2,26,1,16,0,10,3,50828,1,1,10.8362223368262,28,NA,NA
"1485_188",1485,1,1,1,21,1,12,0,15,2,34935.7,0,1,10.4612931316031,22,NA,NA
"1496_33",1496,1,1,2,19,1,13,0,12,4,171248,1,1,12.0508739166914,20,3,3
"1496_35",1496,1,1,2,17,7,12,0,10,5,171248,1,0,12.0508739166914,19,3,3
"1498_38",1498,0,3,1,25,1,12,0,14,1,6480,0,1,8.77663009842772,27,NA,NA
"1498_39",1498,0,3,1,25,1,9,0,8,4,37070.81,0,1,10.5206121214972,27,NA,NA
"1498_42",1498,1,1,2,18,8,12,0,5,4,15902.61,1,0,9.67430140646289,20,NA,NA
"1498_177",1498,1,1,1,22,7,16,0,17,3,77440,0,0,11.2572716350902,24,NA,NA
"1501_32",1501,0,3,1,22,3,11,0,7,5,50373.02,0,0,10.8272308449655,23,NA,NA
"1501_33",1501,0,3,1,19,8,11,0,13,3,50373.02,0,0,10.8272308449655,21,NA,NA
"1516_33",1516,1,1,2,26,1,16,0,6,5,78694,1,1,11.2733348999857,27,NA,NA
"1516_34",1516,1,1,2,20,7,14,0,10,3,20550,1,0,9.93066488054092,22,NA,NA
"1533_35",1533,1,1,1,21,1,12,NA,NA,NA,72806.15,0,1,11.1955694436478,23,NA,NA
"1533_36",1533,1,1,2,19,8,9,0,NA,3,72806.15,1,0,11.1955694436478,21,NA,NA
"1533_37",1533,1,1,1,16,1,NA,NA,NA,NA,72806.15,0,1,11.1955694436478,19,NA,NA
"1540_33",1540,1,1,2,22,1,12,0,11,2,55972.36,1,1,10.9326311422436,24,NA,NA
"1542_40",1542,1,1,2,26,1,17,0,11,3,53635.42,1,1,10.8899835939304,28,NA,NA
"1565_40",1565,1,1,1,18,8,12,0,15,3,162900.77,0,0,12.0009026600928,20,2,2
"1571_40",1571,1,1,1,24,1,11,0,10,5,44552.82,0,1,10.7044531755754,26,NA,NA
"1571_41",1571,0,3,1,22,6,11,0,8,2,44552.82,0,0,10.7044531755754,24,NA,NA
"1571_42",1571,0,3,1,18,1,12,0,12,3,34488,0,1,10.4483957115993,20,NA,NA
"1571_43",1571,0,3,1,18,7,11,0,11,3,39244,0,0,10.5775793265609,20,3,3
"1572_43",1572,1,1,2,26,1,14,0,9,5,24542.75,1,1,10.1082125183263,28,NA,NA
"1572_45",1572,1,1,1,24,1,12,NA,NA,NA,86680,0,1,11.3699899922704,26,NA,NA
"1572_49",1572,0,3,2,22,3,12,0,11,3,55847.23,1,0,10.9303931119629,24,NA,NA
"1579_45",1579,1,1,1,16,7,9,NA,NA,NA,49849,0,0,10.81677377539,18,NA,NA
"1579_47",1579,1,1,1,17,7,10,NA,NA,NA,72589.18,0,0,11.1925849299562,19,NA,NA
"1583_32",1583,1,1,2,21,1,13,0,8,2,39011.67,1,1,10.5716417441472,23,NA,NA
"1583_33",1583,1,1,2,17,1,10,NA,NA,NA,66255.18,1,1,11.1012840225167,19,NA,NA
"1591_37",1591,1,1,2,26,1,16,0,15,4,75684.7,1,1,11.2343445180143,28,NA,NA
"1613_42",1613,1,1,2,25,1,14,NA,NA,NA,64216.79,1,1,11.0700355540959,27,2,3
"1613_44",1613,1,1,2,20,1,13,NA,NA,NA,65967.56,1,1,11.096933543875,22,NA,NA
"1613_46",1613,1,1,1,17,7,12,0,8,3,47940.78,0,0,10.7777426370446,19,NA,NA
"1613_47",1613,1,1,1,17,1,11,0,14,3,55094.3,0,1,10.9168196920473,19,NA,NA
"1627_32",1627,1,1,2,26,1,12,0,11,4,62983.29,1,1,11.0506406091977,28,NA,NA
"1628_34",1628,1,1,1,21,1,14,0,12,3,62990.08,0,1,11.0507484080477,24,3,3
"1644_32",1644,1,1,2,25,1,16,0,17,3,57173.25,1,1,10.9538589011836,28,NA,NA
"1645_32",1645,1,1,2,25,1,16,0,16,3,36903.51,1,1,10.5160890447823,27,NA,NA
"1645_33",1645,1,1,2,24,1,16,0,17,2,91258,1,1,11.4214568967181,26,NA,NA
"1645_34",1645,1,1,1,23,1,16,0,14,2,187594.97,0,1,12.1420458334472,24,3,3
"1645_36",1645,0,3,2,20,7,14,0,10,4,160840,1,0,11.9881715783507,21,NA,NA
"1652_36",1652,1,1,1,18,1,12,0,14,2,41400,0,1,10.6310603141111,21,NA,NA
"1654_32",1654,1,1,2,26,1,14,0,13,4,25438.42,1,1,10.144055218452,28,NA,NA
"1663_46",1663,1,1,2,24,6,16,NA,NA,NA,70280.51,1,0,11.1602640275568,27,NA,NA
"1670_35",1670,0,3,1,26,6,12,0,16,2,34280,0,0,10.4423465438148,28,NA,NA
"1670_37",1670,1,1,2,22,1,11,0,15,3,32427.43,1,1,10.3867907861652,24,NA,NA
"1670_39",1670,0,3,2,16,7,10,NA,NA,NA,14175.06,1,0,9.55930990534155,19,1,1
"1682_36",1682,0,3,2,17,1,12,0,14,4,161707.65,1,1,11.9935515382594,19,2,3
"1689_32",1689,0,3,2,22,3,12,0,11,4,17401.86,1,0,9.7643898395118,24,NA,NA
"1690_37",1690,1,1,2,23,1,13,0,10,3,95317.57,1,1,11.464979929002,25,NA,NA
"1695_54",1695,1,1,2,24,1,17,0,11,4,113024.6,1,1,11.6353696207088,26,NA,NA
"1695_59",1695,1,1,1,17,7,11,0,13,4,68291.96,0,0,11.1315619655758,19,NA,NA
"1695_60",1695,1,1,2,17,1,10,NA,NA,NA,129840,1,1,11.7740659039456,19,NA,NA
"1695_62",1695,1,1,1,17,1,10,NA,NA,NA,81963.34,0,1,11.3140395536107,19,3,3
"1697_51",1697,1,1,1,20,1,12,0,9,4,34628,0,1,10.452446760283,23,NA,NA
"1700_39",1700,1,1,1,26,3,12,0,6,3,27363.38,0,0,10.2169974466431,27,NA,NA
"1700_40",1700,1,1,1,23,1,16,0,10,5,24175.22,0,1,10.0931247844049,25,NA,NA
"1701_35",1701,1,1,2,26,1,16,0,15,3,61678,1,1,11.029698795395,28,NA,NA
"1701_36",1701,1,1,2,24,1,16,0,13,5,44302.79,1,1,10.6988255054212,26,NA,NA
"1709_33",1709,1,1,2,17,7,10,0,NA,5,107603.26,1,0,11.5862155170042,19,NA,NA
"1722_41",1722,1,1,2,24,1,17,0,11,2,44293.7,1,1,10.6986203100497,26,NA,NA
"1722_43",1722,1,1,2,21,3,13,0,12,5,63480,1,0,11.0584959275093,24,NA,NA
"1722_44",1722,1,1,2,19,3,12,0,6,2,52464.2,1,0,10.8679053716499,21,3,2
"1722_45",1722,0,3,1,17,7,11,NA,NA,NA,33380,0,0,10.4157421548258,19,NA,NA
"1751_31",1751,0,3,2,19,6,12,0,8,5,92413.12,1,0,11.4340350598077,21,NA,NA
"1762_47",1762,0,3,2,23,1,10,0,13,3,23729.14,1,1,10.0745012491174,25,NA,NA
"1762_51",1762,1,1,1,21,1,15,0,15,3,26792,0,1,10.195895938352,23,NA,NA
"1762_53",1762,1,1,1,19,3,11,0,14,3,68100,0,0,11.1287471763176,21,NA,NA
"1762_56",1762,0,3,2,16,7,9,NA,NA,NA,13631.58,1,0,9.52021779511236,18,NA,NA
"1763_39",1763,1,1,2,25,1,12,0,13,3,43506,1,1,10.6806771236708,27,NA,NA
"1763_183",1763,1,1,1,19,1,14,0,10,3,19988,0,1,9.90293740123065,21,2,2
"1767_33",1767,1,1,2,25,1,14,0,13,1,70684,1,1,11.1659886653011,27,NA,NA
"1774_32",1774,1,1,2,20,7,14,0,11,4,76021,1,0,11.2387780510633,22,3,3
"1782_35",1782,1,1,2,25,1,13,0,11,5,61671.99,1,1,11.029601350676,26,NA,NA
"1786_51",1786,1,1,2,19,1,12,0,12,4,10776,1,1,9.28516951259683,20,NA,NA
"1786_53",1786,0,3,1,17,7,11,NA,NA,NA,37606.44,0,0,10.5349571821443,19,NA,NA
"1787_194",1787,1,1,2,19,1,12,0,15,3,47548.11,1,1,10.7695183506585,21,NA,NA
"1802_39",1802,1,1,1,18,3,10,0,10,4,61670.55,0,0,11.0295780014462,20,NA,NA
"1807_37",1807,1,1,1,25,1,17,0,15,4,40780,0,1,10.6159715656522,26,NA,NA
"1810_47",1810,0,3,1,16,7,9,NA,NA,NA,51860,0,0,10.8563223415909,18,NA,NA
"1821_32",1821,1,1,2,18,1,12,0,9,3,67227.18,1,1,11.1158477838487,20,3,3
"1830_35",1830,1,1,2,24,1,12,0,NA,NA,50964.07,1,1,10.8388957750932,26,NA,NA
"1830_36",1830,0,3,2,22,3,14,0,12,4,40270,1,0,10.6033868859186,23,NA,NA
"1839_38",1839,1,1,2,24,1,12,0,13,3,98566.21,1,1,11.4984939295009,27,NA,NA
"1839_39",1839,1,1,2,20,1,11,0,14,5,31920,1,1,10.3710193793938,23,NA,NA
"1862_33",1862,1,1,2,25,7,15,0,15,5,77970,1,0,11.2640922416671,28,NA,NA
"1887_40",1887,1,1,1,21,1,12,0,9,4,57050,0,1,10.9517008836204,22,NA,NA
"1893_38",1893,1,1,1,25,3,12,0,13,3,19560,0,0,9.88129306702636,27,NA,NA
"1893_39",1893,1,1,2,20,7,14,0,8,3,103901.43,1,0,11.5512075646868,22,NA,NA
"1905_34",1905,1,1,1,23,1,16,0,12,4,89389.26,0,1,11.4007670066804,26,NA,NA
"1906_31",1906,1,1,1,25,1,17,0,13,4,20872.3,0,1,9.94622610927713,28,NA,NA
"1917_35",1917,1,1,1,26,1,NA,0,9,4,28020,0,1,10.2407095080479,28,NA,NA
"1918_34",1918,1,1,1,21,7,15,0,11,3,88640,0,0,11.3923497835059,23,3,3
"1919_46",1919,1,1,2,24,8,17,0,11,4,76697.56,1,0,11.2476382127332,27,3,3
"1926_33",1926,0,3,2,24,1,14,0,7,4,27327.31,1,1,10.2156784402008,26,NA,NA
"1932_177",1932,1,1,1,25,1,14,0,7,4,20656,0,1,9.93580952399825,27,NA,NA
"1939_33",1939,1,1,1,23,1,16,0,6,2,136632.78,0,1,11.825059486909,25,NA,NA
"1947_32",1947,1,1,2,25,3,16,0,13,4,22972.37,1,0,10.0420909980259,27,NA,NA
"1954_35",1954,0,3,1,18,7,11,0,10,2,105367,0,0,11.5652142636789,20,NA,NA
"1956_30",1956,1,1,2,27,1,17,0,16,2,105175.82,1,1,11.5633982128015,28,NA,NA
"1956_31",1956,1,1,1,23,1,16,0,18,3,51466,0,1,10.8486961045677,25,NA,NA
"1961_32",1961,1,1,2,17,1,10,NA,NA,NA,73542,1,1,11.2056255481489,19,NA,NA
"1964_38",1964,1,1,1,17,7,11,0,12,3,135186,0,0,11.8144142841218,19,NA,NA
"1978_31",1978,1,2,2,26,1,17,0,11,4,49718.66,1,1,10.8141557073068,28,NA,NA
"1978_32",1978,1,1,1,22,1,14,0,10,3,67420.7,0,1,11.1187222035399,24,NA,NA
"1988_32",1988,1,1,2,19,1,14,0,15,3,121787.02,1,1,11.7100372714566,21,NA,NA
"1988_33",1988,1,1,1,17,7,10,NA,NA,NA,121787.02,0,0,11.7100372714566,18,NA,NA
"1994_36",1994,1,1,2,22,7,13,0,8,5,10080,1,0,9.21840774305394,24,NA,NA
"1994_37",1994,0,3,2,22,7,13,3,10,4,10080,1,0,9.21840774305394,24,NA,NA
"1994_182",1994,1,1,2,17,3,12,0,12,5,59912,1,0,11.0006487889369,19,3,3
"2004_37",2004,1,1,2,20,7,12,0,13,4,55594,1,0,10.9258485481373,22,NA,NA
"2004_38",2004,1,1,2,18,1,12,0,13,4,77046,1,1,11.2521709042342,20,NA,NA
"2017_35",2017,1,1,2,20,6,12,0,17,5,34516.65,1,0,10.4492260664027,22,NA,NA
"2026_30",2026,1,1,2,22,7,15,NA,NA,NA,39210,1,0,10.5767125986592,24,NA,NA
"2028_33",2028,1,1,1,20,7,15,0,17,3,157467.19,0,0,11.9669787485955,23,NA,NA
"2030_42",2030,1,1,1,18,1,13,0,14,3,172100,0,1,12.055836792758,21,NA,NA
"2032_41",2032,0,3,2,26,1,14,0,7,3,20111.74,1,1,9.90910872410701,28,NA,NA
"2032_182",2032,1,1,1,19,1,12,0,13,3,24671,0,1,10.1134242763631,21,NA,NA
"2034_34",2034,1,1,1,26,1,15,0,11,4,88220,0,1,11.3876003088928,28,NA,NA
"2055_34",2055,1,1,2,25,1,16,0,12,4,47238.37,1,1,10.7629829340666,28,NA,NA
"2055_35",2055,1,1,1,23,3,16,0,12,5,37550,0,0,10.5334552879961,25,NA,NA
"2056_36",2056,0,3,2,20,1,13,0,18,5,8120,1,1,9.00220857828241,22,2,2
"2059_33",2059,1,1,2,26,1,14,0,9,4,37284,1,1,10.5263463799779,28,NA,NA
"2061_31",2061,1,1,2,26,1,15,NA,NA,NA,40776.09,1,1,10.6158756830732,27,NA,NA
"2061_32",2061,1,1,2,24,1,12,0,11,4,41227,1,1,10.6268729161567,26,3,3
"2061_33",2061,1,1,1,23,1,16,0,15,2,57639.52,0,1,10.9619810715856,26,NA,NA
"2062_39",2062,1,1,1,21,3,12,0,7,3,16080,0,0,9.68539372985402,22,NA,NA
"2062_40",2062,1,1,2,19,1,13,0,16,3,39100,1,1,10.573903321094,21,NA,NA
"2062_41",2062,1,1,1,17,1,12,0,14,4,86843.18,0,1,11.371870757334,20,3,3
"2067_38",2067,1,1,1,25,1,16,0,10,3,61791.28,0,1,11.0315337165489,27,NA,NA
"2067_39",2067,1,1,1,21,1,14,NA,NA,NA,61791.28,0,1,11.0315337165489,23,NA,NA
"2073_34",2073,0,3,1,24,2,12,NA,NA,NA,25193.2,0,1,10.1343690882788,26,NA,NA
"2073_35",2073,1,1,2,18,1,12,0,13,5,61510,1,1,11.0269712995894,20,NA,NA
"2083_30",2083,1,1,2,26,1,14,0,17,4,87304,1,1,11.3771630139562,28,NA,NA
"2091_174",2091,1,1,2,23,1,16,0,11,5,49200,1,1,10.8036692274771,25,NA,NA
"2106_35",2106,0,3,1,17,1,10,0,15,3,35001,0,1,10.4631604816961,19,NA,NA
"2108_35",2108,1,1,1,24,1,17,0,10,3,23397.31,0,1,10.0604190765154,26,NA,NA
"2109_32",2109,1,1,2,24,1,12,NA,NA,NA,114190,1,1,11.6456277639916,26,NA,NA
"2117_33",2117,1,1,2,26,1,17,0,16,3,62958,1,1,11.0502389998648,27,NA,NA
"2124_33",2124,1,1,1,18,7,12,0,7,4,33548,0,0,10.4207623356963,20,NA,NA
"2124_34",2124,1,2,2,19,7,13,0,13,4,97100,1,0,11.4835069528876,21,NA,NA
"2129_38",2129,1,1,2,23,1,15,0,12,4,45697.29,1,1,10.7298161582391,25,NA,NA
"2137_34",2137,1,1,2,25,1,14,0,9,4,69804,1,1,11.1534609194227,27,NA,NA
"2137_35",2137,1,1,1,16,7,10,NA,NA,NA,96034,0,0,11.472467987339,19,3,3
"2138_34",2138,1,1,1,23,7,17,0,10,5,97860,0,0,11.4913033834707,25,3,3
"2151_41",2151,1,1,2,25,1,14,0,14,3,31720,1,1,10.3647342011031,27,NA,NA
"2164_41",2164,1,1,1,25,1,13,0,13,3,46442.49,0,1,10.7459915837203,28,NA,NA
"2175_32",2175,1,1,2,25,1,17,0,16,2,66598.71,1,1,11.1064555021646,27,NA,NA
"2175_33",2175,1,1,1,24,1,16,0,15,4,47187.64,0,1,10.76190846464,26,NA,NA
"2177_36",2177,0,3,1,24,6,15,0,13,3,101515.5,0,0,11.5279766258286,26,NA,NA
"2181_45",2181,1,1,1,18,3,12,0,16,3,18576.03,0,0,9.82968115029025,20,2,2
"2191_40",2191,1,1,2,26,1,14,0,18,3,29009.89,1,1,10.275426555721,27,NA,NA
"2191_41",2191,1,2,2,23,1,16,0,11,2,35459.83,1,1,10.4761839860097,24,NA,NA
"2191_186",2191,1,1,2,21,1,14,0,17,4,33514,1,1,10.4197483787921,23,NA,NA
"2195_30",2195,0,3,2,22,6,10,0,8,5,19282.97,1,0,9.86702945983046,23,NA,NA
"2195_181",2195,1,1,1,25,1,12,0,16,4,22970,0,1,10.0419878297812,27,NA,NA
"2195_183",2195,1,1,2,24,1,12,0,6,5,50557.94,1,1,10.8308950634111,26,NA,NA
"2198_37",2198,1,1,2,23,1,12,0,10,4,43756.51,1,1,10.6864185341972,25,NA,NA
"2198_38",2198,1,1,1,16,7,10,NA,NA,NA,34772.35,0,0,10.4566065677867,18,NA,NA
"2210_36",2210,1,1,2,22,1,11,0,11,3,44800,1,1,10.7099857395825,24,NA,NA
"2219_178",2219,1,1,1,21,1,13,0,NA,NA,55626.6,0,1,10.9264347599492,23,NA,NA
"2224_44",2224,1,1,2,25,1,17,0,15,3,48815.91,1,1,10.7958320482117,27,NA,NA
"2224_45",2224,1,1,1,24,1,17,0,12,4,71240,0,1,11.1738237743629,26,NA,NA
"2224_46",2224,1,1,1,22,1,15,0,13,4,138072.12,0,1,11.8355386788882,24,3,3
"2237_31",2237,1,1,2,26,1,16,0,18,3,69380,1,1,11.1473683337955,28,NA,NA
"2237_32",2237,1,1,1,24,1,16,0,10,3,148359.57,0,1,11.9074008736021,26,3,3
"2237_33",2237,1,1,1,20,7,14,0,15,3,148359.57,0,0,11.9074008736021,22,NA,NA
"2243_34",2243,1,1,1,21,1,14,0,17,2,113600,0,1,11.6404475880473,23,NA,NA
"2243_35",2243,1,1,2,19,7,12,0,15,3,113600,1,0,11.6404475880473,21,3,2
"2246_31",2246,1,1,2,24,1,16,0,13,4,58429.91,1,1,10.9756003096185,26,NA,NA
"2248_34",2248,1,1,2,26,1,16,0,15,2,108800,1,1,11.5972758045382,27,3,3
"2248_38",2248,0,3,1,18,3,12,0,11,4,49712,0,0,10.8140217472979,20,NA,NA
"2250_47",2250,1,1,1,18,1,12,0,13,3,122480,0,1,11.7157111948965,20,NA,NA
"2252_32",2252,1,1,1,21,1,15,0,9,3,48330.86,0,1,10.7858462495114,23,NA,NA
"2255_33",2255,1,1,2,22,1,16,0,14,4,72611.27,1,1,11.1928891947971,24,NA,NA
"2256_32",2256,1,1,1,24,1,12,0,15,4,27192.98,0,1,10.210750904259,25,NA,NA
"2261_35",2261,1,1,2,21,1,14,0,15,3,53360,1,1,10.8848354210436,23,NA,NA
"2261_37",2261,1,1,1,18,1,12,0,13,4,24850,0,1,10.1206532721638,20,2,2
"2261_38",2261,1,1,1,18,1,12,0,11,3,65607.82,0,1,11.0914654171139,20,NA,NA
"2278_41",2278,1,1,2,26,1,12,0,14,4,44668,1,1,10.7070350277065,28,NA,NA
"2278_42",2278,1,1,1,26,1,13,0,12,1,36292.12,0,1,10.4993834706091,28,NA,NA
"2278_45",2278,1,1,2,21,1,12,0,15,5,35040,1,1,10.4642740834559,24,NA,NA
"2282_34",2282,1,1,1,23,1,13,0,15,3,48595.08,0,1,10.7912981481993,24,NA,NA
"2282_178",2282,1,1,2,26,1,17,0,14,3,65460,1,1,11.0892098244432,28,NA,NA
"2292_42",2292,1,1,2,16,1,9,NA,NA,NA,60566,1,1,11.0115054692783,18,3,2
"2297_34",2297,1,1,2,25,1,16,0,11,4,28484,1,1,10.2571329119145,27,NA,NA
"2297_35",2297,1,1,2,22,7,16,0,14,5,65763,1,0,11.0938278551308,24,NA,NA
"2297_36",2297,1,1,2,21,1,13,0,12,4,55292,1,1,10.9204015972197,23,3,3
"2302_53",2302,1,1,1,25,3,10,NA,NA,NA,27621.86,0,0,10.2263989697561,26,3,2
"2302_54",2302,1,1,1,20,3,12,0,6,3,82543.09,0,0,11.3210878538114,22,NA,NA
"2302_56",2302,1,1,1,19,1,12,0,14,5,21091.14,0,1,9.95665573821604,21,NA,NA
"2302_60",2302,0,3,1,17,7,10,NA,NA,NA,11600,0,0,9.35884658027541,19,NA,NA
"2304_34",2304,1,1,1,22,8,14,0,10,3,26953,0,0,10.2018869883291,24,NA,NA
"2312_32",2312,1,1,2,22,3,12,0,11,5,35917.45,1,0,10.4890063700374,24,NA,NA
"2312_33",2312,0,3,2,19,7,11,0,13,2,35917.45,1,0,10.4890063700374,21,NA,NA
"2327_33",2327,1,1,2,23,8,13,0,12,3,47860,1,0,10.776056255519,25,NA,NA
"2327_185",2327,1,1,1,20,1,13,0,10,3,47970.71,0,1,10.7783667411403,22,NA,NA
"2336_32",2336,1,1,1,21,1,15,0,11,3,36106,0,1,10.4942420313408,23,NA,NA
"2339_37",2339,1,1,1,22,1,12,0,15,4,62042.18,0,1,11.0355858732303,24,NA,NA
"2354_38",2354,1,1,1,17,5,8,0,10,4,20120,0,0,9.90951932476785,19,NA,NA
"2354_40",2354,1,1,2,16,7,10,NA,NA,NA,91448,1,0,11.4235367188221,18,NA,NA
"2383_30",2383,1,1,2,23,1,15,0,14,3,68145.02,1,1,11.1294080348324,25,NA,NA
"2391_33",2391,1,1,1,20,1,12,0,11,3,51315.87,0,1,10.8457748270021,22,3,3
"2391_174",2391,1,1,1,26,1,15,NA,NA,NA,30211.08,0,1,10.3159971233843,28,NA,NA
"2392_37",2392,1,1,1,25,1,11,0,11,4,46792,0,1,10.7534888980691,27,NA,NA
"2397_37",2397,1,1,1,25,1,16,0,13,3,96048.02,0,1,11.4726139651254,27,NA,NA
"2397_38",2397,1,1,2,24,1,16,0,12,3,66210.86,1,1,11.1006148799575,26,NA,NA
"2397_43",2397,1,1,2,20,7,15,0,15,4,58010,1,0,10.9683879267187,22,NA,NA
"2410_33",2410,1,1,2,24,1,15,0,14,4,28309.04,1,1,10.2509717910332,26,NA,NA
"2410_35",2410,0,3,1,20,3,11,0,NA,2,26156,0,0,10.1718721200959,23,3,3
"2411_33",2411,1,1,2,20,1,12,0,11,5,32480,1,1,10.388410581979,22,2,2
"2412_33",2412,1,1,2,25,1,12,0,10,4,28088.15,1,1,10.2431386597615,27,NA,NA
"2418_35",2418,1,1,2,18,7,12,0,14,3,74155.65,1,0,11.2139350266196,20,3,3
"2422_40",2422,1,1,1,19,7,12,0,13,3,109588.12,0,0,11.6044933784955,21,NA,NA
"2422_41",2422,1,1,1,17,7,11,NA,NA,NA,109588.12,0,0,11.6044933784955,18,NA,NA
"2432_53",2432,1,1,1,25,3,11,0,8,3,28927.94,0,0,10.272597757133,27,NA,NA
"2432_54",2432,1,1,1,25,1,12,0,15,2,54378.18,0,1,10.9037366389996,27,NA,NA
"2432_56",2432,1,1,1,23,1,13,0,8,4,21903.22,0,1,9.9944345913054,25,NA,NA
"2432_63",2432,1,1,2,17,6,10,0,NA,4,88251.39,1,0,11.3879560565818,20,NA,NA
"2432_64",2432,1,1,2,18,1,12,0,12,5,15783.77,1,1,9.66680083009088,19,NA,NA
"2434_33",2434,0,3,1,22,3,12,NA,NA,NA,21280,0,0,9.96556993483267,25,NA,NA
"2434_35",2434,0,3,1,18,3,10,0,8,4,21280,0,0,9.96556993483267,21,NA,NA
"2434_36",2434,1,1,2,19,1,14,0,8,5,51000,1,1,10.8396005193574,21,NA,NA
"2435_34",2435,1,1,2,26,1,12,0,14,3,58318.6,1,1,10.9736935079485,27,NA,NA
"2436_40",2436,1,2,1,24,2,11,0,16,3,10380,0,1,9.24773249119325,25,NA,NA
"2436_41",2436,1,1,2,22,1,12,0,14,2,24840,1,1,10.1202507928861,24,NA,NA
"2455_32",2455,1,1,1,24,1,16,0,16,3,51696.3,0,1,10.8531608347614,25,NA,NA
"2461_32",2461,1,1,1,24,1,12,0,14,2,50251.22,0,1,10.8248100040499,26,NA,NA
"2461_33",2461,1,1,1,24,1,12,0,17,1,42500,0,1,10.6572828840475,26,NA,NA
"2464_32",2464,1,1,2,25,1,12,0,13,3,42352,1,1,10.6537945358239,27,NA,NA
"2464_34",2464,1,1,2,20,1,13,0,NA,3,120520,1,1,11.6995792905878,22,NA,NA
"2472_178",2472,1,1,2,25,3,12,0,10,4,65484.28,1,0,11.0895806635427,27,2,2
"2475_32",2475,1,1,2,16,3,9,NA,NA,NA,32093.27,1,0,10.3764327885114,18,NA,NA
"2478_33",2478,1,1,1,24,1,12,0,15,3,118109.48,0,1,11.6793757366058,26,3,3
"2478_34",2478,0,3,1,18,7,11,0,11,1,118109.48,0,0,11.6793757366058,20,NA,NA
"2479_30",2479,1,1,1,23,3,11,0,17,2,113776,0,0,11.6419956712845,25,NA,NA
"2479_171",2479,1,1,1,24,1,12,NA,NA,NA,113776,0,1,11.6419956712845,27,NA,NA
"2483_35",2483,1,1,1,21,1,12,NA,NA,NA,52737.89,0,1,10.8731084130419,23,NA,NA
"2483_36",2483,1,1,1,19,1,13,0,10,3,52737.89,0,1,10.8731084130419,21,NA,NA
"2490_39",2490,0,3,2,17,1,NA,NA,NA,NA,38340,1,1,10.5542750986799,20,NA,NA
"2492_172",2492,1,1,2,24,1,14,0,10,4,31250.11,1,1,10.3498101745337,27,2,3
"2500_33",2500,1,1,1,18,1,11,0,10,2,99087.81,0,1,11.5037717976963,20,NA,NA
"2515_49",2515,1,1,1,17,1,11,NA,NA,NA,118944,0,1,11.6864164803794,19,NA,NA
"2516_34",2516,1,1,1,20,1,12,0,13,2,48387.07,0,1,10.7870085747184,23,NA,NA
"2518_176",2518,1,1,2,27,3,12,0,13,3,70576,1,0,11.164459591367,28,NA,NA
"2524_30",2524,1,1,1,24,1,12,0,5,4,41546,0,1,10.6345805955108,26,NA,NA
"2524_32",2524,1,1,2,22,1,14,0,15,4,36820,1,1,10.5138236135709,24,NA,NA
"2524_36",2524,1,1,1,19,1,10,0,12,2,113485.01,0,1,11.6394348483946,22,NA,NA
"2526_35",2526,1,1,2,25,1,16,0,8,5,25730.36,1,1,10.1554657604666,27,NA,NA
"2526_37",2526,1,1,1,17,1,11,0,12,5,40123.6,0,1,10.5997448915353,19,NA,NA
"2530_38",2530,1,2,2,25,3,12,0,6,4,30216.33,1,0,10.3161708798387,27,NA,NA
"2530_41",2530,1,1,1,20,1,12,0,11,4,77144,0,1,11.2534420468771,22,NA,NA
"2530_45",2530,1,1,2,16,7,9,NA,NA,NA,121935.94,1,0,11.7112593048383,18,NA,NA
"2541_32",2541,0,3,1,20,1,12,NA,NA,NA,160474.17,0,1,11.9858945055345,21,2,3
"2566_40",2566,1,1,1,20,1,12,0,16,5,24800,0,1,10.1186392539208,21,NA,NA
"2566_41",2566,1,1,1,22,1,12,0,14,4,28602.51,0,1,10.2612847165503,24,NA,NA
"2566_43",2566,1,1,1,18,1,12,0,10,4,37583.63,0,1,10.5343504692103,20,NA,NA
"2569_40",2569,1,1,1,20,1,11,0,11,2,122950,0,1,11.7195411809988,22,NA,NA
"2569_41",2569,1,1,2,20,7,11,0,7,4,43541.77,1,0,10.681498952425,22,2,3
"2581_33",2581,1,1,2,16,1,10,NA,NA,NA,74199.24,1,1,11.2145226636516,19,NA,NA
"2590_42",2590,1,1,2,26,1,14,0,10,3,14245,1,1,9.5642314445383,27,NA,NA
"2590_43",2590,1,1,1,24,1,12,0,13,5,36340,0,1,10.5007018594582,26,NA,NA
"2590_44",2590,1,1,1,24,1,12,0,18,3,43881.77,0,1,10.689277039106,26,NA,NA
"2591_35",2591,1,1,2,24,1,13,0,10,3,56400.07,1,1,10.9402434089374,26,NA,NA
"2593_33",2593,1,1,2,25,1,17,0,6,3,62350,1,1,11.0405349894719,27,NA,NA
"2593_36",2593,1,1,2,16,7,9,NA,NA,NA,75101.07,1,0,11.2266034006214,18,NA,NA
"2603_33",2603,1,1,2,26,3,14,0,13,4,30725,1,0,10.3328644806906,27,NA,NA
"2611_38",2611,1,1,1,24,1,16,0,15,2,95124.96,0,1,11.4629571870973,26,NA,NA
"2611_39",2611,1,1,1,22,7,15,0,11,4,27773,0,0,10.2318556102593,24,NA,NA
"2611_42",2611,1,1,1,21,7,14,0,NA,NA,27773,0,0,10.2318556102593,23,2,2
"2611_45",2611,1,1,2,19,1,13,0,11,4,102896,1,1,11.5414837668782,20,3,3
"2611_181",2611,1,1,1,21,1,12,0,14,1,102896,0,1,11.5414837668782,22,NA,NA
"2611_183",2611,0,3,2,16,7,10,NA,NA,NA,102896,1,0,11.5414837668782,18,NA,NA
"2611_189",2611,1,1,2,21,1,14,0,12,2,48858.77,1,1,10.7967096374736,23,NA,NA
"2614_37",2614,1,1,1,19,1,12,0,12,5,109900,0,1,11.6073352395314,21,NA,NA
"2614_38",2614,1,1,1,16,1,11,NA,NA,NA,109900,0,1,11.6073352395314,18,NA,NA
"2615_50",2615,1,1,1,24,1,16,0,15,3,72608.01,0,1,11.1928442977957,26,NA,NA
"2615_53",2615,1,1,2,20,7,16,0,13,2,59110,1,0,10.9871723112865,22,NA,NA
"2615_55",2615,1,2,2,19,3,10,0,12,4,50421.68,1,0,10.8281963528398,21,NA,NA
"2615_56",2615,1,1,2,18,7,12,0,10,3,81040,1,0,11.3027104784318,20,2,3
"2615_57",2615,1,1,2,19,7,13,NA,NA,NA,74639.78,1,0,11.2204422856274,22,3,3
"2618_34",2618,1,2,2,26,1,17,0,11,3,76216,1,1,11.2413398139051,28,NA,NA
"2618_36",2618,1,1,1,25,1,12,0,16,3,56216,0,1,10.9369744812438,27,NA,NA
"2618_37",2618,1,1,1,24,1,16,0,13,2,35894.14,0,1,10.4883571892676,26,NA,NA
"2618_39",2618,1,1,1,23,1,14,0,9,1,66546,0,1,11.1056637439191,25,NA,NA
"2618_40",2618,1,1,1,20,1,11,0,12,2,75108,0,1,11.226695670785,22,3,3
"2618_41",2618,1,1,2,19,1,15,0,15,2,83464.71,1,1,11.3321911678129,21,NA,NA
"2618_42",2618,1,1,2,20,1,15,0,10,5,50689.18,1,1,10.8334874824563,21,NA,NA
"2618_44",2618,1,1,2,15,7,NA,NA,NA,NA,197315.65,1,0,12.1925650777051,18,3,3
"2618_45",2618,1,1,2,17,1,13,0,16,4,88911.13,1,1,11.3954038576385,20,NA,NA
"2621_34",2621,1,1,2,24,3,13,0,8,5,38564,1,0,10.5601004083681,26,NA,NA
"2621_36",2621,1,1,1,21,1,12,0,12,4,24550,0,1,10.1085078655906,23,NA,NA
"2621_37",2621,1,1,2,19,6,12,NA,NA,NA,84594,1,0,11.3456304421929,21,3,3
"2635_31",2635,1,1,1,24,1,16,0,15,1,56330.16,0,1,10.9390031246112,26,NA,NA
"2636_32",2636,1,2,2,21,1,12,0,11,5,24647.67,1,1,10.1124782226399,23,NA,NA
"2639_31",2639,1,1,1,21,1,13,0,14,3,60546.21,0,1,11.0111786702978,24,NA,NA
"2640_30",2640,1,1,1,26,1,16,0,13,3,65374.05,0,1,11.0878959661853,28,NA,NA
"2646_34",2646,1,1,2,21,7,16,0,15,3,165479,1,0,12.0166056205753,23,NA,NA
"2646_36",2646,0,3,2,18,7,12,0,16,4,165479,1,0,12.0166056205753,20,NA,NA
"2649_39",2649,1,1,2,21,1,11,NA,NA,NA,23303.19,1,1,10.0563884517128,23,3,3
"2649_179",2649,1,2,2,23,6,14,0,9,5,61673.83,1,0,11.0296311850095,25,NA,NA
"2653_32",2653,1,1,2,22,1,16,0,18,3,26590,1,1,10.1883280916533,24,NA,NA
"2655_35",2655,1,1,1,20,1,10,0,8,4,33402.9,0,1,10.4164279386152,22,NA,NA
"2660_33",2660,1,1,1,24,3,15,0,12,3,65369.48,0,0,11.0878260593976,26,NA,NA
"2661_44",2661,1,1,2,24,1,10,0,15,3,11626.14,1,1,9.36109729953531,26,NA,NA
"2661_45",2661,1,1,2,22,1,12,0,9,4,26325.07,1,1,10.1783149819501,25,NA,NA
"2661_46",2661,1,1,2,20,1,10,0,15,4,40828.18,1,1,10.6171523008398,22,NA,NA
"2661_47",2661,1,1,2,21,1,14,0,15,3,48776.89,1,1,10.7950324154018,23,NA,NA
"2665_38",2665,1,1,2,24,6,10,0,15,2,55196,1,0,10.9186638829622,26,NA,NA
"2665_39",2665,0,3,2,24,5,12,NA,NA,NA,17032.39,1,0,9.74293081432833,26,NA,NA
"2665_40",2665,1,1,1,21,1,12,NA,NA,NA,17032.39,0,1,9.74293081432833,23,NA,NA
"2688_36",2688,1,1,1,27,1,15,0,13,4,8840.39,0,1,9.08719938308981,28,NA,NA
"2688_38",2688,1,1,1,17,7,12,0,15,3,58078.15,0,0,10.9695620144054,19,2,2
"2688_180",2688,0,3,1,19,3,10,0,14,3,31365,0,0,10.3534797826944,21,NA,NA
"2701_50",2701,1,2,1,27,1,14,0,12,5,78629.77,0,1,11.2725183776376,28,NA,NA
"2701_51",2701,0,3,1,25,3,11,0,14,4,20897.96,0,0,9.94745467594924,27,NA,NA
"2701_55",2701,1,2,1,20,1,12,0,15,3,41288,0,1,10.6283513996476,22,NA,NA
"2701_211",2701,1,1,2,26,1,16,0,10,3,40584.2,1,1,10.6111587471122,28,NA,NA
"2701_216",2701,1,1,2,24,1,12,0,16,3,12550,1,1,9.43755562266045,26,NA,NA
"2701_217",2701,1,1,1,22,1,12,0,10,2,51207.91,0,1,10.8436688193248,25,NA,NA
"2701_225",2701,0,3,2,20,3,12,0,6,5,78629.77,1,0,11.2725183776376,22,NA,NA
"2701_232",2701,0,3,2,18,3,12,0,8,5,62292,1,0,11.0396043389122,20,NA,NA
"2701_238",2701,0,3,1,19,8,9,0,8,5,27504,0,0,10.2221230853096,21,NA,NA
"2704_196",2704,0,3,1,18,1,12,0,16,3,26763.45,0,1,10.1948297933916,20,NA,NA
"2707_47",2707,1,1,2,21,1,12,0,14,2,27068.02,1,1,10.2061451795149,23,NA,NA
"2707_50",2707,0,3,1,20,3,12,0,8,3,24655.39,0,0,10.1127913750857,22,NA,NA
"2707_54",2707,1,1,1,17,7,11,NA,NA,NA,66910.39,0,0,11.1111244857353,19,NA,NA
"2708_179",2708,1,1,1,24,1,14,0,8,2,32660,0,1,10.3939369845493,26,NA,NA
"2712_32",2712,1,1,2,25,1,17,0,4,3,53006.67,1,1,10.8781918990449,27,NA,NA
"2714_39",2714,1,1,1,20,1,13,0,16,3,127696,0,1,11.757415549184,22,NA,NA
"2714_183",2714,1,1,2,25,1,12,0,10,4,31675.02,1,1,10.363315206723,28,NA,NA
"2717_38",2717,1,1,2,25,1,16,0,14,2,56899.62,1,1,10.9490615163644,27,NA,NA
"2717_39",2717,1,1,1,22,1,12,0,8,4,115460,0,1,11.6566880895856,24,2,3
"2726_31",2726,1,1,1,26,1,16,0,11,2,48132,0,1,10.781723291541,28,NA,NA
"2727_39",2727,1,1,1,17,7,10,0,9,4,61746,0,0,11.0308006703141,19,3,3
"2753_37",2753,1,1,2,16,7,11,NA,NA,NA,75450,1,0,11.2312387179186,18,NA,NA
"2755_33",2755,1,1,2,19,1,14,0,11,4,36850,1,1,10.5146380342913,22,NA,NA
"2760_174",2760,1,1,1,27,1,16,0,11,4,33197.22,0,1,10.4102515390094,28,NA,NA
"2770_32",2770,1,1,1,18,1,12,0,6,5,97853.02,0,1,11.4912320552711,20,NA,NA
"2771_35",2771,1,1,1,26,1,14,0,13,3,45239.89,0,1,10.7197566028924,28,NA,NA
"2781_34",2781,0,3,2,20,8,12,0,12,3,51718.34,1,0,10.8535870717835,22,2,3
"2781_35",2781,1,1,2,19,1,13,0,12,5,83620,1,1,11.3340499637006,21,1,2
"2786_34",2786,1,1,1,26,1,13,0,14,2,42890.4,0,1,10.6664266186196,28,NA,NA
"2786_35",2786,1,1,1,17,1,11,NA,NA,NA,47451.96,0,1,10.7674941835466,19,NA,NA
"2805_32",2805,1,1,2,17,7,12,0,16,4,73980.35,1,0,11.2115683133951,20,NA,NA
"2827_33",2827,1,1,2,18,3,12,0,14,4,23361.47,1,0,10.0588861676538,21,NA,NA
"2827_178",2827,1,1,1,24,1,12,0,11,4,40372.8,0,1,10.605936338721,26,NA,NA
"2828_33",2828,1,1,1,18,7,12,0,9,3,158344.87,0,0,11.9725369701615,20,NA,NA
"2831_34",2831,1,1,1,21,1,14,NA,NA,NA,36900,0,1,10.5159939299324,24,NA,NA
"2835_31",2835,1,1,1,26,1,16,NA,NA,NA,47609.68,0,1,10.7708123848003,28,NA,NA
"2838_34",2838,1,1,2,20,1,13,0,12,3,70857.77,1,1,11.1684440200978,21,NA,NA
"2845_40",2845,1,1,2,21,1,12,0,14,2,32071.35,1,1,10.3757495672087,22,NA,NA
"2847_42",2847,0,3,1,21,3,12,0,15,3,29934.03,0,0,10.3067846455303,23,3,3
"2847_43",2847,0,3,1,20,3,11,0,12,2,29934.03,0,0,10.3067846455303,21,NA,NA
"2848_42",2848,1,1,1,26,1,13,0,17,3,35975.89,0,1,10.4906320668592,27,NA,NA
"2848_43",2848,1,1,1,24,6,12,0,12,4,76023.34,0,0,11.2388088311531,26,NA,NA
"2851_35",2851,1,1,1,25,1,14,0,11,3,61338.96,0,1,11.024186785565,27,NA,NA
"2852_50",2852,1,1,1,26,1,13,0,13,3,75330.67,0,1,11.2296559096965,28,NA,NA
"2852_53",2852,1,1,1,25,1,12,0,15,5,43917.14,0,1,10.6900827255599,27,NA,NA
"2852_54",2852,1,1,2,24,1,14,0,14,4,31849,1,1,10.3687926610003,26,NA,NA
"2852_55",2852,1,1,1,22,1,11,0,4,5,51100,0,1,10.8415593454719,24,NA,NA
"2852_56",2852,1,1,2,23,1,16,0,8,5,40162,1,1,10.6007014527708,24,NA,NA
"2852_57",2852,1,1,1,22,1,12,0,8,2,46298.64,0,1,10.7428894646661,24,NA,NA
"2852_59",2852,1,1,2,19,6,13,0,13,3,50880,1,0,10.8372448519089,21,NA,NA
"2852_62",2852,1,1,1,16,6,10,NA,NA,NA,56720,0,0,10.945899791516,19,NA,NA
"2860_33",2860,1,1,1,22,3,13,0,14,1,23451.59,0,0,10.0627362155367,24,NA,NA
"2860_34",2860,1,1,1,21,1,12,NA,NA,NA,18308.02,0,1,9.81514911357096,23,NA,NA
"2861_31",2861,1,1,1,20,1,11,0,14,1,55956.48,0,1,10.9323473955996,22,NA,NA
"2881_38",2881,1,1,2,23,1,16,0,15,3,38034.3,1,1,10.5462699548724,25,NA,NA
"2885_34",2885,0,3,1,19,3,14,0,12,5,35200.86,0,0,10.4688542010992,21,NA,NA
"2887_37",2887,0,3,2,19,5,NA,0,15,2,56504.86,1,0,10.9420996285705,21,3,3
"2895_34",2895,1,1,2,25,1,15,0,11,2,38695.27,1,1,10.5634984919438,27,NA,NA
"2897_39",2897,1,1,2,19,1,13,0,18,4,34120,1,1,10.4376683094997,22,NA,NA
"2902_32",2902,1,1,2,26,1,16,0,15,2,90060,1,1,11.4082424975026,28,NA,NA
"2902_33",2902,1,1,1,24,1,13,0,12,3,54520.91,0,1,10.9063579182122,26,NA,NA
"2910_33",2910,1,1,1,26,3,12,0,13,3,73297.36,0,0,11.2022935138182,28,NA,NA
"2916_31",2916,1,1,2,26,6,12,0,11,4,21560.71,1,0,9.97867433542138,28,NA,NA
"2916_32",2916,1,1,1,25,1,12,0,13,3,24811.94,0,1,10.1191205702698,27,NA,NA
"2924_32",2924,1,1,2,24,1,12,0,15,3,46505.37,1,1,10.7473445714406,26,NA,NA
"3023_4",3023,1,1,1,25,1,16,0,6,3,98840,0,1,11.5012677774128,28,NA,NA
"3024_3",3024,1,1,2,25,1,14,0,16,1,18980,1,1,9.85119375781499,27,NA,NA
"3024_30",3024,0,3,1,21,3,12,0,11,3,18980,0,0,9.85119375781499,23,NA,NA
"3027_2",3027,1,1,1,26,1,12,0,12,2,73312,0,1,11.2024932254919,28,3,3
"3027_30",3027,1,1,1,21,1,12,0,11,3,73312,0,1,11.2024932254919,23,NA,NA
"3034_174",3034,1,1,2,23,1,12,0,10,2,70638.59,1,1,11.165346031184,25,NA,NA
"3052_31",3052,1,1,2,20,3,14,0,11,4,49660.34,1,0,10.8129820421858,22,NA,NA
"3055_3",3055,1,1,2,25,1,NA,NA,NA,NA,78152.03,1,1,11.2664241066911,28,NA,NA
"3055_4",3055,1,1,2,24,1,16,0,11,4,28361.64,1,1,10.2528280651711,26,NA,NA
"3078_3",3078,1,1,2,25,1,16,0,9,3,154032.08,1,1,11.9449226635232,27,NA,NA
"3078_30",3078,1,1,2,21,1,15,0,11,3,154032.08,1,1,11.9449226635232,23,3,3
"3088_5",3088,1,1,2,26,1,16,0,9,5,72752.27,1,1,11.1948291324772,28,NA,NA
"3095_30",3095,1,1,1,23,1,12,0,11,1,27244.06,0,1,10.2126274992537,26,3,3
"3096_3",3096,1,1,2,26,1,16,0,10,3,63900,1,1,11.0650902896954,28,NA,NA
"3099_5",3099,1,1,1,26,3,16,0,11,4,49288.85,0,0,10.8054734564812,28,NA,NA
"3099_30",3099,0,3,1,24,3,16,0,8,3,49438.06,0,0,10.8084960790058,26,NA,NA
"3113_3",3113,1,1,1,25,1,14,0,7,1,138684,0,1,11.8399604533746,27,3,3
"3125_5",3125,1,1,2,25,1,14,0,12,3,59578.92,1,1,10.9950738835339,28,NA,NA
"3131_2",3131,1,1,1,26,1,16,0,13,3,41236,0,1,10.627091190577,28,NA,NA
"3131_3",3131,1,1,1,24,1,15,0,11,4,39994.89,0,1,10.5965319778169,26,3,3
"3133_3",3133,1,1,1,24,3,12,0,12,3,67493.01,0,0,11.1197941321822,26,3,3
"3133_30",3133,1,1,2,22,1,12,0,7,4,67493.01,1,1,11.1197941321822,24,NA,NA
"3133_31",3133,0,3,2,19,1,14,0,11,3,67493.01,1,1,11.1197941321822,21,NA,NA
"3135_30",3135,1,1,2,23,6,12,0,12,3,38767.13,1,0,10.5653537963317,24,NA,NA
"3136_3",3136,1,1,2,25,1,13,0,17,2,66716.26,1,1,11.1082189690431,27,NA,NA
"3136_30",3136,1,1,2,20,7,12,0,18,3,66716.26,1,0,11.1082189690431,21,NA,NA
"3137_32",3137,1,1,1,18,1,11,0,14,4,63682.04,0,1,11.0616735580723,21,NA,NA
"3143_30",3143,1,1,2,23,1,12,0,17,3,37740.39,1,1,10.5385126491929,25,NA,NA
"3147_32",3147,1,1,2,16,7,11,NA,NA,NA,58454.39,1,0,10.9760191782175,19,NA,NA
"3149_30",3149,1,1,2,23,1,16,0,14,3,31070,1,1,10.344030187257,26,NA,NA
"3151_30",3151,0,3,1,22,7,12,0,10,3,82392,0,0,11.3192557608327,24,NA,NA
"3156_4",3156,1,1,1,24,1,12,0,11,4,38328,0,1,10.5539620688091,26,NA,NA
"3172_171",3172,1,1,2,18,1,12,0,8,4,62045.07,1,1,11.0356324526076,20,NA,NA
"3176_5",3176,0,3,1,24,3,12,0,13,2,31136.24,0,0,10.3461598094754,27,NA,NA
"3176_31",3176,0,3,2,20,1,12,0,8,3,31136.24,1,1,10.3461598094754,22,NA,NA
"3177_3",3177,1,1,2,26,6,15,0,10,2,29280,1,0,10.2846941204975,28,NA,NA
"3179_6",3179,1,1,1,25,1,12,0,12,3,20838,0,1,9.94458151007109,27,NA,NA
"3179_30",3179,0,3,2,22,1,10,0,8,4,15438.93,1,1,9.64471228988973,24,NA,NA
"3190_30",3190,0,3,1,17,7,11,NA,NA,NA,28890.87,0,0,10.2713155196452,18,NA,NA
"3193_32",3193,1,1,1,19,1,11,0,12,5,56764.13,0,1,10.9466775077396,21,NA,NA
"3193_33",3193,1,1,1,17,7,11,0,16,4,75018.5,0,0,11.2255033587243,19,NA,NA
"3194_30",3194,1,1,2,24,6,11,0,14,3,36311.73,1,0,10.4999236474813,25,NA,NA
"3196_7",3196,1,1,2,25,3,16,0,13,4,48480,1,0,10.7889272475932,27,NA,NA
"3196_8",3196,1,1,1,24,3,12,0,NA,1,28257.09,0,0,10.2491350672595,26,NA,NA
"3204_5",3204,1,1,2,25,1,13,0,13,1,39020,1,1,10.5718552417318,28,NA,NA
"3207_31",3207,1,1,1,17,7,11,0,11,5,28901,0,0,10.2716660758583,19,NA,NA
"3208_30",3208,1,1,1,21,1,12,0,9,4,62300,0,1,11.0397327560111,23,NA,NA
"3208_31",3208,1,1,2,17,7,12,0,12,5,34510,1,0,10.4490333927803,20,NA,NA
"3211_30",3211,1,1,1,21,1,13,0,17,1,63429,0,1,11.0576922146279,23,NA,NA
"3211_170",3211,1,1,2,19,1,12,0,16,3,63429,1,1,11.0576922146279,21,NA,NA
"3217_3",3217,1,1,1,26,1,14,0,11,3,92824,0,1,11.4384712790453,28,2,2
"3217_30",3217,1,1,2,22,1,12,0,7,4,79440.58,1,1,11.2827771877458,24,NA,NA
"3217_31",3217,1,1,2,17,7,11,NA,NA,NA,48600,1,0,10.7913993858086,19,NA,NA
"3221_5",3221,1,1,2,26,7,15,0,11,5,98928,1,0,11.5021577001089,28,NA,NA
"3226_3",3226,1,1,2,25,1,16,0,9,4,24096,1,1,10.0898426304025,27,NA,NA
"3231_3",3231,1,1,1,24,1,15,0,10,3,62864,0,1,11.0487448490273,26,NA,NA
"3231_7",3231,1,1,2,26,1,16,NA,NA,NA,38735.65,1,1,10.5645414592931,28,NA,NA
"3231_30",3231,1,1,2,20,1,14,0,16,3,53820,1,1,10.8934190045616,22,NA,NA
"3235_6",3235,1,1,1,26,1,12,0,11,5,38540,0,1,10.5594778886997,27,NA,NA
"3236_30",3236,1,1,1,16,7,11,NA,NA,NA,62572.79,0,0,11.0441017793172,19,NA,NA
"3237_30",3237,1,1,1,22,7,11,0,10,3,44980,0,0,10.7139954573693,25,NA,NA
"3237_31",3237,1,1,2,19,1,12,0,10,4,56517.38,1,1,10.9423211739673,21,NA,NA
"3237_33",3237,1,1,1,17,1,10,0,10,3,56517.38,0,1,10.9423211739673,19,NA,NA
"3239_4",3239,1,1,2,25,1,15,0,7,4,92660,1,1,11.4367029510557,27,NA,NA
"3240_6",3240,1,1,1,26,1,15,0,12,2,68940,0,1,11.1410063453326,27,NA,NA
"3240_30",3240,1,1,2,19,1,11,0,12,3,50036,1,1,10.8205180107453,21,NA,NA
"3258_5",3258,1,1,1,26,1,17,0,12,3,42017.91,0,1,10.645875034034,27,NA,NA
"3268_174",3268,1,1,1,22,1,11,0,11,2,65423,0,1,11.0886444426044,25,NA,NA
"3268_175",3268,1,1,1,19,1,11,0,12,2,65423,0,1,11.0886444426044,22,NA,NA
"3277_5",3277,1,1,1,26,1,12,0,10,3,51640,0,1,10.8520712096065,28,NA,NA
"3285_30",3285,1,1,1,22,3,9,0,13,3,37363.14,0,0,10.5284666999079,25,NA,NA
"3285_31",3285,1,1,2,18,3,12,0,10,3,37363.14,1,0,10.5284666999079,20,NA,NA
"3288_30",3288,0,3,1,18,3,11,0,7,3,64232,0,0,11.0702723763073,20,2,3
"3303_32",3303,1,1,1,17,7,11,NA,NA,NA,109485,0,0,11.6035519661834,19,NA,NA
"3309_4",3309,1,1,1,24,7,17,0,NA,5,59650,0,0,10.9962661918449,27,NA,NA
"3311_30",3311,1,1,2,19,1,12,0,18,4,35080,1,1,10.4654149523512,22,NA,NA
"3316_30",3316,1,1,1,19,7,13,0,17,5,166438.11,0,0,12.0223848158103,21,3,3
"3333_30",3333,0,3,1,23,3,16,0,6,5,81715.83,0,0,11.3110152571855,25,NA,NA
"3336_3",3336,1,1,1,26,1,16,0,5,4,103814.84,0,1,11.5503738392276,28,NA,NA
"3341_30",3341,1,1,2,20,1,15,NA,NA,NA,65340,1,1,11.0873749895987,22,NA,NA
"3341_32",3341,0,3,1,17,7,11,0,18,2,75460,0,0,11.2313712454846,20,NA,NA
"3345_5",3345,1,1,2,25,1,15,0,NA,NA,75837.91,1,1,11.2363667644628,27,NA,NA
"3348_6",3348,1,1,2,26,1,17,0,11,4,41986,1,1,10.6451153255436,28,NA,NA
"3348_31",3348,0,3,1,21,1,12,0,8,4,34413.12,0,1,10.44622222426,23,NA,NA
"3348_32",3348,1,1,1,18,1,12,0,9,4,80615.3,0,1,11.297456141299,21,3,3
"3349_4",3349,1,1,2,27,1,17,0,14,4,70522,1,1,11.16369417673,28,NA,NA
"3353_4",3353,1,1,2,25,1,16,0,17,2,46660,1,1,10.7506639769789,26,NA,NA
"3356_30",3356,0,3,2,24,1,15,0,11,5,26762.19,1,1,10.1947827149103,25,NA,NA
"3356_32",3356,1,1,2,20,6,14,0,14,3,48179.93,1,0,10.7827185785978,23,NA,NA
"3359_30",3359,1,2,2,21,1,12,0,15,3,31750.34,1,1,10.3656902081547,23,NA,NA
"3359_31",3359,1,1,2,18,1,13,0,9,4,65722,1,1,11.0932042193139,21,3,3
"3360_3",3360,1,1,2,26,1,16,0,14,2,50650,1,1,10.8327142528186,28,NA,NA
"3366_30",3366,1,1,1,16,7,8,NA,NA,NA,45032,0,0,10.7151508333283,18,NA,NA
"3367_31",3367,1,1,1,22,1,14,0,9,3,15340.96,0,1,9.63834683729384,23,NA,NA
"3367_33",3367,0,3,2,17,7,12,0,10,4,58100,1,0,10.9699381543958,20,NA,NA
"3368_8",3368,1,1,2,24,3,16,0,12,4,43136,1,0,10.6721363764959,27,NA,NA
"3368_30",3368,1,1,2,19,1,13,0,15,5,29818,1,1,10.3029010532159,22,NA,NA
"3369_7",3369,1,1,1,24,1,16,0,16,4,42916,0,1,10.667023296818,26,NA,NA
"3373_31",3373,1,1,1,16,7,10,NA,NA,NA,81864,0,0,11.3128268280736,18,NA,NA
"3377_31",3377,1,1,1,22,1,11,0,15,3,29960,0,1,10.3076518149112,23,NA,NA
"3377_32",3377,0,3,2,18,6,12,0,15,5,68530,1,0,11.1350414766228,20,NA,NA
"3377_33",3377,1,1,1,19,3,11,NA,NA,NA,70989.23,0,0,11.1702975409211,21,NA,NA
"3378_30",3378,1,1,2,20,3,11,0,13,4,91643.98,1,0,11.4256774781725,22,NA,NA
"3379_32",3379,1,1,1,17,7,11,NA,NA,NA,38316.48,0,0,10.5536614679182,19,NA,NA
"3381_31",3381,1,1,1,21,1,12,0,7,2,67975.81,0,1,11.1269218965827,23,NA,NA
"3381_33",3381,1,1,2,19,1,13,0,14,3,26820,1,1,10.1969404417483,21,NA,NA
"3394_30",3394,1,1,1,22,7,15,0,11,4,231270,0,0,12.3513454620624,24,NA,NA
"3397_7",3397,1,1,1,24,6,12,0,11,3,50270.4,0,0,10.8251916059109,26,NA,NA
"3402_30",3402,1,1,1,20,1,14,0,10,4,41354.41,0,1,10.6299585262348,23,NA,NA
"3407_31",3407,1,1,2,21,1,15,0,3,5,49096,1,1,10.8015532121196,23,NA,NA
"3414_31",3414,1,1,1,22,1,16,0,10,5,48293.13,0,1,10.7850653001639,23,NA,NA
"3424_30",3424,1,1,2,21,3,15,0,12,4,36114,1,0,10.4944635704849,23,NA,NA
"3435_30",3435,1,1,1,19,1,14,0,13,4,120440,0,1,11.6989152854506,21,NA,NA
"3439_30",3439,1,1,1,22,1,12,0,16,2,60980,0,1,11.0183176192271,24,3,3
"3439_32",3439,1,1,1,17,7,11,NA,NA,NA,60980,0,0,11.0183176192271,19,NA,NA
"3441_30",3441,1,1,2,24,1,17,0,15,2,41195.85,1,1,10.626117076104,25,NA,NA
"3451_30",3451,1,1,1,18,1,NA,NA,NA,NA,92960,0,1,11.4399353293429,21,NA,NA
"3468_3",3468,1,1,1,26,3,12,0,13,3,81837.13,0,0,11.3124985509021,27,2,2
"3468_4",3468,1,1,2,23,1,12,0,9,5,81837.13,1,1,11.3124985509021,25,3,3
"3474_30",3474,0,3,2,16,7,11,NA,NA,NA,47340,1,0,10.7651320066303,19,NA,NA
"3478_3",3478,0,3,1,25,7,15,NA,NA,NA,55832.19,0,0,10.9301237744117,27,NA,NA
"3478_4",3478,0,3,2,23,3,14,NA,NA,NA,55832.19,1,0,10.9301237744117,25,NA,NA
"3483_6",3483,1,1,2,24,1,16,0,12,5,99035.23,1,1,11.5032410217658,26,NA,NA
"3487_4",3487,1,1,2,26,1,17,0,14,4,45424,1,1,10.7238178932644,28,NA,NA
"3489_30",3489,1,1,2,21,1,13,0,12,5,43620,1,1,10.6832939647565,23,NA,NA
"3502_6",3502,1,1,2,24,7,17,NA,NA,NA,104415.31,1,0,11.5561411682823,25,NA,NA
"3502_30",3502,1,1,1,20,1,12,0,8,3,40960,0,1,10.6203756734779,23,NA,NA
"3502_31",3502,1,1,2,19,1,12,0,9,5,40960,1,1,10.6203756734779,21,1,1
"3502_32",3502,0,3,2,18,7,11,0,18,3,40960,1,0,10.6203756734779,20,1,1
"3502_33",3502,0,3,1,17,7,10,NA,NA,NA,40960,0,0,10.6203756734779,19,NA,NA
"3507_7",3507,1,1,2,23,1,12,NA,NA,NA,30136.51,1,1,10.3135258543019,24,NA,NA
"3509_30",3509,1,1,1,20,1,12,0,11,4,44265.86,0,1,10.6979915948167,23,NA,NA
"3509_31",3509,1,1,2,19,7,12,0,8,4,44265.86,1,0,10.6979915948167,22,NA,NA
"4009_3",4009,1,1,1,16,3,10,NA,NA,NA,97760,0,0,11.4902810034857,18,2,2
"4034_7",4034,1,1,1,25,1,NA,NA,NA,NA,110577.63,0,1,11.6134821305947,27,3,3
"4055_1",4055,1,1,1,27,1,15,0,14,3,21775.9,0,1,9.98860505394167,28,NA,NA
"4072_3",4072,1,1,2,27,1,16,0,13,3,43160,1,1,10.6726925887051,28,NA,NA
"4075_1",4075,1,1,1,26,1,14,0,15,3,66493.1,0,1,11.1048685009034,28,NA,NA
"4084_3",4084,1,1,1,19,1,14,0,6,4,57092,0,1,10.9524367961851,22,NA,NA
"4095_2",4095,1,1,1,22,1,12,0,5,3,21552,0,1,9.97827029697981,23,NA,NA
"4108_7",4108,1,1,1,22,1,12,NA,NA,NA,73228.85,0,1,11.2013584037122,25,NA,NA
"4111_7",4111,1,1,1,21,1,12,NA,NA,NA,51134.51,0,1,10.8422344467897,24,NA,NA
"4114_2",4114,1,1,2,21,1,13,NA,NA,NA,68894.87,1,1,11.1403515132603,23,NA,NA
"4125_3",4125,1,1,1,20,7,14,0,8,4,59273,0,0,10.9899260402725,22,NA,NA
"4125_5",4125,1,1,1,19,7,12,0,16,3,59273,0,0,10.9899260402725,21,NA,NA
"4126_1",4126,1,1,1,26,1,12,0,18,3,31428.22,0,1,10.3554933124299,27,NA,NA
"4137_3",4137,1,1,1,20,1,14,0,15,3,73864,0,1,11.2099943817557,23,2,2
"4137_4",4137,1,1,2,18,1,12,0,14,5,73864,1,1,11.2099943817557,21,3,3
"4137_5",4137,1,1,1,17,1,12,0,10,4,73864,0,1,11.2099943817557,20,NA,NA
"4162_3",4162,1,1,1,23,7,15,0,11,4,30854,0,0,10.3370540907552,25,NA,NA
"4172_3",4172,1,1,1,20,1,12,0,15,5,53499.35,0,1,10.8874434749188,23,NA,NA
"4172_4",4172,0,3,1,16,7,11,NA,NA,NA,53499.35,0,0,10.8874434749188,19,NA,NA
"4172_7",4172,1,1,2,22,1,14,0,6,4,46440,1,1,10.7459379687411,24,NA,NA
"4172_21",4172,1,1,1,26,1,17,0,16,3,50569.68,0,1,10.8311272406912,28,NA,NA
"4173_3",4173,0,3,1,17,7,12,0,10,4,33921.56,0,0,10.4318355587561,20,3,3
"4178_1",4178,0,3,1,26,7,16,NA,NA,NA,50252.64,0,0,10.8248382611088,28,NA,NA
"4179_3",4179,1,1,2,21,1,13,NA,NA,NA,40180,1,1,10.6011495260632,23,NA,NA
"4179_4",4179,1,1,2,20,1,12,0,13,3,40180,1,1,10.6011495260632,22,3,3
"4196_3",4196,1,1,2,19,1,NA,0,8,5,50457.87,1,1,10.8289138279689,21,NA,NA
"4203_3",4203,1,1,1,22,3,15,NA,NA,NA,77080,0,0,11.2526120959781,24,NA,NA
"4203_4",4203,1,1,1,18,6,12,NA,NA,NA,77080,0,0,11.2526120959781,20,NA,NA
"4206_3",4206,1,1,1,23,1,NA,NA,NA,NA,46217.29,0,1,10.741130886173,26,NA,NA
"4233_4",4233,1,1,1,21,7,15,0,10,4,73480,0,0,11.2047821483818,23,3,3
"4237_1",4237,1,1,2,24,3,17,0,13,3,110724.43,1,0,11.614808812279,26,NA,NA
"4249_2",4249,1,1,2,20,1,12,0,11,5,20854.03,1,1,9.94535044513397,21,NA,NA
"4259_3",4259,1,1,2,22,1,12,NA,NA,NA,20097.37,1,1,9.90839399623147,24,NA,NA
"4259_4",4259,1,1,2,19,1,12,0,12,4,20097.37,1,1,9.90839399623147,21,NA,NA
"4261_3",4261,1,1,1,17,7,10,0,6,4,51034.75,0,0,10.8402816465266,19,NA,NA
"4263_4",4263,1,1,1,16,7,12,NA,NA,NA,82995.92,0,0,11.3265587776565,19,3,3
"4266_4",4266,1,1,2,20,1,12,0,7,5,23366.07,1,1,10.0590830452612,21,NA,NA
"4270_3",4270,0,3,2,22,1,13,0,10,4,76400,1,1,11.2437510640742,24,NA,NA
"4272_2",4272,1,1,1,21,3,14,NA,NA,NA,91780,0,0,11.4271605835094,24,NA,NA
"4272_3",4272,1,1,1,16,7,9,NA,NA,NA,91780,0,0,11.4271605835094,18,NA,NA
"4277_3",4277,1,1,1,24,3,15,0,15,2,78007.35,0,0,11.2645711512242,26,3,3
"4291_5",4291,1,1,1,22,1,12,0,11,4,60728.47,0,1,11.0141843617006,25,NA,NA
"4299_3",4299,1,1,1,20,7,NA,NA,NA,NA,71420,0,0,11.1763472227306,22,NA,NA
"4299_4",4299,0,3,2,16,7,10,NA,NA,NA,71420,1,0,11.1763472227306,18,NA,NA
"4303_4",4303,1,1,1,23,1,12,0,13,2,52869,0,1,10.8755913492295,25,NA,NA
"4304_2",4304,0,3,1,20,7,11,0,13,3,45200,0,0,10.7188744894694,22,NA,NA
"4308_2",4308,1,1,1,23,1,16,0,18,3,37372,0,1,10.5287037975555,25,NA,NA
"4308_3",4308,1,1,2,18,7,12,0,12,3,37372,1,0,10.5287037975555,21,3,3
"4322_3",4322,1,1,1,19,3,13,0,13,2,33596.29,0,0,10.4222006879366,21,NA,NA
"4323_3",4323,1,1,1,26,1,12,NA,NA,NA,25918.74,0,1,10.1627601195517,28,NA,NA
"4323_5",4323,1,1,2,17,1,11,0,11,4,63314,1,1,11.0558775468847,20,NA,NA
"4328_4",4328,1,1,2,18,7,12,0,10,5,108036,1,0,11.5902290400275,20,NA,NA
"4342_8",4342,1,1,2,16,7,NA,NA,NA,NA,29400,1,0,10.2887839663538,19,2,2
"4344_6",4344,1,1,1,23,1,10,0,17,2,69600,0,1,11.1505342140354,25,NA,NA
"4344_7",4344,0,3,2,25,1,12,0,10,3,64414.42,1,1,11.0731083244248,26,NA,NA
"4352_3",4352,1,1,1,20,1,12,NA,NA,NA,58580,0,1,10.9781656909086,22,NA,NA
"4354_2",4354,1,1,2,25,1,12,0,9,3,23635.25,1,1,10.0705368294954,27,NA,NA
"4354_3",4354,0,3,2,24,1,12,0,13,2,23635.25,1,1,10.0705368294954,25,NA,NA
"4354_4",4354,0,3,2,22,3,12,0,11,4,16669.29,1,0,9.72138337211422,24,NA,NA
"4354_5",4354,0,3,1,19,1,11,NA,NA,NA,16669.29,0,1,9.72138337211422,21,NA,NA
"4359_4",4359,1,1,1,24,1,17,0,12,3,51905.18,0,1,10.8571931372096,26,3,3
"4382_3",4382,1,1,2,20,1,10,0,12,2,140320,1,1,11.8516879341485,21,NA,NA
"4382_4",4382,1,1,1,22,1,12,0,17,1,25040,0,1,10.1282697605188,24,NA,NA
"4382_6",4382,1,1,2,25,1,12,0,16,4,81814.92,1,1,11.3122271246815,27,NA,NA
"4383_3",4383,1,1,2,23,1,13,0,8,5,45489.98,1,1,10.7252693435283,24,NA,NA
"4395_3",4395,1,1,2,19,6,10,0,16,4,27972,1,0,10.2389950382205,20,NA,NA
"4398_4",4398,1,1,1,21,1,12,0,10,2,46938.98,0,1,10.7566250433291,23,NA,NA
"4411_3",4411,0,3,2,18,7,12,0,14,4,51740,1,0,10.8540057829595,21,NA,NA
"4418_9",4418,1,1,2,20,3,12,0,14,3,54577.42,1,0,10.9073938455106,21,NA,NA
"4418_16",4418,1,1,2,21,1,12,0,16,5,47034.83,1,1,10.7586649306839,23,NA,NA
"4423_3",4423,1,1,2,20,1,12,0,9,4,37571.66,1,1,10.5340319372329,22,NA,NA
"4426_3",4426,0,3,1,22,3,12,NA,NA,NA,37415.06,0,0,10.5298553029965,24,NA,NA
"4426_4",4426,0,3,1,20,1,11,0,NA,NA,37415.06,0,1,10.5298553029965,22,NA,NA
"4427_3",4427,1,1,2,25,1,12,0,15,3,32880.01,1,1,10.4006505664599,27,NA,NA
"4427_5",4427,1,1,2,22,3,11,0,7,4,59632.99,1,0,10.9959809925065,23,NA,NA
"4443_7",4443,1,1,1,25,1,3,0,NA,NA,56389.77,0,1,10.9400607716114,28,NA,NA
"4454_2",4454,0,3,2,25,1,13,0,15,2,52920,1,1,10.8765555144978,27,NA,NA
"4456_5",4456,1,1,1,17,7,11,0,11,4,101832,0,0,11.5310894955979,19,NA,NA
"4747_170",4747,1,1,1,18,1,NA,NA,NA,NA,68877.93,0,1,11.1401056047185,20,NA,NA
"4759_3",4759,1,1,2,17,7,11,NA,NA,NA,70687.81,1,0,11.1660425649591,18,NA,NA
"4769_1",4769,1,1,1,25,1,16,0,8,3,26785.64,0,1,10.1956585347401,27,NA,NA
"4776_3",4776,1,1,2,20,1,15,0,14,3,95882,1,1,11.4708839771702,23,NA,NA
"4776_4",4776,0,3,2,19,1,13,0,12,3,95882,1,1,11.4708839771702,21,NA,NA
"4828_4",4828,1,1,2,22,1,16,0,8,5,76369.07,1,1,11.2433461444723,24,NA,NA
"4839_3",4839,1,1,1,22,1,14,0,13,2,108402.27,0,1,11.5936135335844,24,2,2
"4839_4",4839,1,1,2,20,1,15,0,11,3,108402.27,1,1,11.5936135335844,22,NA,NA
"4839_5",4839,1,1,2,17,7,11,NA,NA,NA,108402.27,1,0,11.5936135335844,19,NA,NA
"5010_32",5010,1,1,2,23,3,15,0,8,3,43473.28,1,0,10.6799247778433,26,3,3
"5012_46",5012,0,3,2,22,1,11,0,12,3,10185.25,1,1,9.22879405063443,25,NA,NA
"5012_196",5012,1,1,1,20,3,12,0,9,3,21933.75,0,0,9.99582741622513,22,3,2
"5013_32",5013,0,3,2,25,3,13,0,14,4,24257.09,1,0,10.0965054489782,27,NA,NA
"5014_40",5014,1,1,2,25,1,12,0,15,2,120509.62,1,1,11.6994931608095,27,NA,NA
"5014_43",5014,1,1,1,17,1,11,NA,NA,NA,85292.57,0,1,11.3538543496303,19,1,2
"5015_39",5015,1,1,1,26,5,12,0,15,3,47020,0,0,10.7583495894136,28,NA,NA
"5015_40",5015,1,1,1,23,2,12,0,18,2,28010,0,1,10.240352569152,25,NA,NA
"5015_42",5015,0,3,2,23,1,12,0,12,4,7738.8,1,1,8.95413112645664,25,NA,NA
"5015_44",5015,0,3,2,20,3,12,0,12,3,9425,1,0,9.15122710748368,22,NA,NA
"5015_45",5015,0,3,2,19,1,10,0,13,3,21080,1,1,9.95612743986031,21,NA,NA
"5018_35",5018,1,1,1,22,1,13,0,NA,NA,66808.99,0,1,11.1096078992413,25,NA,NA
"5018_36",5018,0,3,1,20,3,11,0,14,2,21300,0,0,9.96650929895228,22,NA,NA
"5018_37",5018,0,3,2,17,8,11,0,16,4,21300,1,0,9.96650929895228,19,3,2
"5018_39",5018,1,2,2,19,3,9,0,11,4,33335.95,1,0,10.4144216704164,20,NA,NA
"5031_49",5031,1,1,1,26,1,11,0,12,4,54500,0,1,10.9059743291069,28,NA,NA
"5031_50",5031,1,1,2,25,1,12,0,15,2,93904,1,1,11.450038911915,27,NA,NA
"5031_52",5031,1,1,1,25,1,11,NA,NA,NA,28810,0,1,10.2685125376463,27,NA,NA
"5031_58",5031,0,3,1,18,7,11,0,10,2,60233.04,0,0,11.0059929199961,19,NA,NA
"5035_32",5035,1,2,2,21,1,12,0,18,2,19899.01,1,1,9.89847551322502,23,NA,NA
"5036_31",5036,0,3,1,27,1,14,0,14,2,38300,0,1,10.5532312844885,28,NA,NA
"5037_192",5037,1,1,1,18,3,12,0,6,3,43960.15,0,0,10.691061568321,20,NA,NA
"5040_33",5040,1,1,2,27,2,13,0,13,2,65926.26,1,1,11.0963072920143,28,NA,NA
"5040_34",5040,1,1,2,24,3,14,0,12,2,20254.37,1,0,9.91617522256449,26,3,3
"5045_177",5045,1,1,2,20,1,13,NA,NA,NA,18297.37,1,1,9.8145672638242,22,NA,NA
"5045_185",5045,1,1,1,17,7,11,NA,NA,NA,84156.86,0,0,11.3404495998916,18,NA,NA
"5048_48",5048,1,1,1,25,1,17,0,7,2,24291.91,0,1,10.0979398172083,27,NA,NA
"5048_49",5048,0,3,2,24,1,12,0,9,5,38932.34,1,1,10.569606231941,25,NA,NA
"5048_50",5048,1,1,2,20,3,13,0,17,3,39640,1,0,10.5876192151691,22,NA,NA
"5048_51",5048,1,1,2,19,6,12,0,17,3,39640,1,0,10.5876192151691,20,NA,NA
"5048_52",5048,0,3,1,17,3,11,0,11,2,115120,0,0,11.6537390281114,19,3,3
"5048_184",5048,1,1,2,25,2,12,0,12,1,28873.39,1,1,10.2707103220598,27,NA,NA
"5052_52",5052,0,3,2,26,3,11,0,15,1,23012.33,1,0,10.0438288922456,27,3,2
"5052_58",5052,0,3,1,19,3,10,0,10,3,23012.33,0,0,10.0438288922456,20,NA,NA
"5052_196",5052,0,3,2,18,7,10,0,13,3,18600,1,0,9.83097062169695,20,NA,NA
"5055_43",5055,1,2,2,26,3,11,0,13,3,59867.89,1,0,10.9999122835772,28,NA,NA
"5055_46",5055,0,3,2,25,3,13,0,8,5,22340,1,0,10.0141788343788,27,NA,NA
"5055_47",5055,0,3,1,26,2,15,0,12,2,41552.48,0,1,10.634736551289,28,NA,NA
"5055_49",5055,1,1,1,23,1,14,0,16,4,51877.91,0,1,10.8566676281865,25,NA,NA
"5055_51",5055,1,1,1,21,2,12,NA,NA,NA,26763.87,0,1,10.1948454857262,22,NA,NA
"5055_52",5055,0,3,1,19,3,12,0,12,3,34002.84,0,0,10.4342287383974,21,NA,NA
"5055_53",5055,0,3,1,17,7,11,NA,NA,NA,34002.84,0,0,10.4342287383974,19,NA,NA
"5055_55",5055,0,3,2,17,8,11,NA,NA,NA,26763.87,1,0,10.1948454857262,19,NA,NA
"5055_198",5055,0,3,2,21,7,12,0,15,1,30144,1,0,10.3137743509235,23,2,3
"5055_199",5055,1,1,2,18,7,12,0,14,3,30144,1,0,10.3137743509235,21,NA,NA
"5057_47",5057,1,1,2,27,1,12,0,12,3,37663.25,1,1,10.536466647676,28,NA,NA
"5057_48",5057,0,3,2,16,7,11,NA,NA,NA,47078.3,1,0,10.7595886929544,18,NA,NA
"5065_43",5065,1,1,2,26,3,11,0,12,3,19039.57,1,0,9.85432724487204,28,NA,NA
"5065_50",5065,0,3,2,20,3,12,NA,NA,NA,27540,1,0,10.223431082444,22,NA,NA
"5066_41",5066,1,1,1,26,1,12,0,18,1,40711.62,0,1,10.6142933970778,28,NA,NA
"5069_40",5069,1,1,2,18,1,13,0,11,4,60014,1,1,11.0023498099594,21,NA,NA
"5071_37",5071,1,1,1,24,1,12,0,14,2,113430.19,0,1,11.6389516765498,26,2,2
"5085_31",5085,1,1,1,22,1,13,0,11,4,30581.7,0,1,10.3281897685874,24,NA,NA
"5085_32",5085,1,1,1,21,1,15,0,10,3,95300,0,1,11.4647955827667,23,NA,NA
"5120_33",5120,0,3,2,26,1,14,0,18,2,54800,1,1,10.9114637209448,28,NA,NA
"5120_35",5120,1,1,1,23,1,12,0,13,4,36233.28,0,1,10.4977609110548,25,NA,NA
"5120_36",5120,1,1,1,22,1,12,0,16,2,54800,0,1,10.9114637209448,24,NA,NA
"5126_36",5126,0,3,2,22,3,11,0,15,3,25400.58,1,0,10.1425666557964,23,NA,NA
"5136_44",5136,1,1,2,22,1,15,0,15,4,43645,1,1,10.6838669190389,23,NA,NA
"5136_45",5136,1,1,1,20,1,12,0,6,5,20987.98,0,1,9.95175281706508,22,NA,NA
"5136_46",5136,1,1,2,21,1,12,0,15,3,28452.23,1,1,10.2560169656233,23,NA,NA
"5154_48",5154,0,3,1,20,3,9,0,5,4,16410,0,0,9.70570712067963,22,NA,NA
"5154_50",5154,1,1,2,18,1,10,0,6,3,16410,1,1,9.70570712067963,20,NA,NA
"5154_51",5154,0,3,1,19,1,10,0,10,1,16410,0,1,9.70570712067963,21,NA,NA
"5170_42",5170,1,1,1,25,1,12,0,NA,3,19995,0,1,9.90328753253346,27,NA,NA
"5170_43",5170,1,1,1,25,1,12,0,7,3,18585.61,0,1,9.83019670798116,27,NA,NA
"5170_45",5170,0,3,1,19,1,12,35,15,1,97993.15,0,1,11.4926630619934,22,3,3
"5177_35",5177,1,1,2,26,7,13,0,14,2,46703.58,1,0,10.7515975116533,27,NA,NA
"5177_37",5177,1,1,2,20,1,13,0,6,5,59699.92,1,1,10.9971027096472,22,NA,NA
"5177_38",5177,1,1,2,17,1,10,NA,NA,NA,50040,1,1,10.820597948394,19,3,3
"5182_50",5182,1,1,1,24,1,13,0,NA,5,27648,0,1,10.2273448399312,25,NA,NA
"5182_51",5182,1,1,1,22,1,NA,0,14,2,27648,0,1,10.2273448399312,24,NA,NA
"5182_52",5182,1,1,1,22,1,13,0,8,4,68502,0,1,11.1346328189118,25,NA,NA
"5215_174",5215,1,1,2,26,1,17,0,9,2,58234.83,1,1,10.9722560800324,28,NA,NA
"5219_35",5219,1,2,2,26,3,11,0,13,4,11824.7,1,0,9.37803040822542,27,NA,NA
"5264_32",5264,1,1,2,26,1,17,0,13,2,47625.7,1,1,10.77114880733,28,NA,NA
"5274_33",5274,0,3,2,24,6,12,0,5,4,21645.26,1,0,9.98258797024004,26,NA,NA
"5290_38",5290,1,1,1,20,7,14,0,12,2,110284,0,0,11.6108232032467,22,3,3
"5290_188",5290,1,1,2,24,1,16,0,16,1,37238.81,1,1,10.5251336293372,27,NA,NA
"5292_204",5292,1,1,1,21,1,12,0,15,2,46219.5,0,1,10.7411787015976,23,NA,NA
"5299_58",5299,0,3,2,25,2,12,0,14,3,64841.8,1,1,11.0797211581375,27,NA,NA
"5299_60",5299,0,3,1,22,3,11,0,13,3,13390.72,0,0,9.5023918845059,24,NA,NA
"5299_61",5299,1,2,2,21,1,10,0,12,3,23124.83,1,1,10.0487054536284,22,NA,NA
"5299_62",5299,1,1,2,20,3,NA,NA,NA,NA,25185.25,1,0,10.134053489666,23,1,1
"5299_63",5299,0,3,2,22,3,12,0,18,5,34145.96,1,0,10.4384288420028,24,NA,NA
"5299_66",5299,0,3,2,18,3,12,0,10,4,27960,1,0,10.2385659610873,20,NA,NA
"5299_67",5299,1,1,2,16,7,10,NA,NA,NA,44911.3,1,0,10.7124669783086,18,2,3
"5299_68",5299,1,1,1,17,1,10,0,17,3,45274,0,1,10.7205102827516,20,NA,NA
"5299_182",5299,0,3,2,25,1,14,0,13,2,55985.85,1,1,10.9328721207138,27,NA,NA
"5299_190",5299,1,1,1,23,1,12,0,14,3,18220.45,0,1,9.81035475052336,25,NA,NA
"5306_34",5306,1,1,1,23,1,13,0,12,3,19636.86,0,1,9.88521461466828,25,2,2
"5314_38",5314,0,3,1,25,3,12,0,NA,4,40455.38,0,0,10.6079796356364,27,1,1
"5314_39",5314,1,1,2,23,1,13,0,15,4,7352.75,1,1,8.90296566617867,25,NA,NA
"5314_40",5314,0,3,2,23,3,12,0,13,3,20271.59,1,0,9.91702500632051,24,NA,NA
"5314_41",5314,0,3,2,24,1,12,0,14,4,21615.75,1,1,9.98122375611917,26,NA,NA
"5332_42",5332,1,1,1,26,1,14,0,11,3,49145.98,0,1,10.80257067913,28,NA,NA
"5332_43",5332,1,1,2,25,8,13,0,11,2,59252,1,0,10.989571690627,28,NA,NA
"5332_45",5332,1,1,1,18,1,12,0,13,3,73748.88,0,1,11.2084346470821,20,NA,NA
"5335_37",5335,0,3,1,27,1,12,0,14,4,42078.15,0,1,10.6473076475878,28,NA,NA
"5348_35",5348,1,1,1,22,7,15,0,15,3,12560.97,0,0,9.43842927485672,28,NA,NA
"5350_40",5350,1,1,2,22,3,13,0,10,4,30940,1,0,10.3398374442253,24,NA,NA
"5350_41",5350,1,1,1,19,3,11,0,18,3,113732.81,0,0,11.641615997013,22,2,2
"5363_35",5363,1,1,2,25,1,16,0,17,3,38548.82,1,1,10.5597067097199,27,NA,NA
"5364_35",5364,1,1,2,24,1,12,0,14,4,24420,1,1,10.1031986968672,26,NA,NA
"5364_37",5364,1,1,1,21,3,12,0,16,2,62486.74,0,0,11.0427256564826,23,NA,NA
"5366_206",5366,1,1,1,16,7,10,NA,NA,NA,52952.97,0,0,10.8771783246118,18,NA,NA
"5370_43",5370,1,2,1,21,1,12,0,11,3,43700,0,1,10.6851262641171,23,NA,NA
"5370_44",5370,1,1,1,20,1,11,0,7,3,56338.85,0,1,10.93915737902,22,NA,NA
"5375_31",5375,1,1,2,18,7,NA,0,13,3,48038,1,0,10.7797684599906,21,NA,NA
"5392_40",5392,1,1,1,25,1,12,0,15,3,35440,0,1,10.4756246210252,28,NA,NA
"5392_41",5392,1,1,1,21,6,11,0,11,3,57100,0,0,10.9525769086256,24,NA,NA
"5393_38",5393,1,1,1,24,3,13,0,11,3,41864.48,0,0,10.6422168999974,26,NA,NA
"5393_39",5393,0,3,2,19,3,12,0,16,3,19196.79,1,0,9.86255044722421,22,NA,NA
"5395_37",5395,1,1,2,25,1,13,0,10,3,31131.42,1,1,10.3460049989301,27,NA,NA
"5430_50",5430,1,1,2,26,1,14,0,12,5,90969.11,1,1,11.4182862700052,28,NA,NA
"5430_53",5430,0,3,1,24,1,12,NA,NA,NA,30005.26,0,1,10.3091613055431,26,NA,NA
"5430_54",5430,1,1,2,24,3,14,0,13,2,34931.44,1,0,10.4611711893549,25,NA,NA
"5430_55",5430,1,1,1,22,6,11,NA,NA,NA,14090.38,0,0,9.55331854189944,24,NA,NA
"5430_57",5430,0,3,2,21,1,12,0,10,4,43932,1,1,10.6904210251002,23,NA,NA
"5430_60",5430,1,1,1,21,3,NA,NA,NA,NA,74222.99,0,0,11.2148426922642,23,NA,NA
"5430_62",5430,1,1,1,22,6,12,0,18,1,29027.87,0,0,10.2760461310113,24,NA,NA
"5430_64",5430,1,1,1,19,1,12,0,15,4,6973.41,0,1,8.8500030152982,21,2,2
"5430_70",5430,1,1,1,18,7,NA,0,13,2,74222.99,0,0,11.2148426922642,21,3,3
"5443_36",5443,1,1,2,23,1,15,0,10,5,23015,1,1,10.0439449052314,25,NA,NA
"5446_33",5446,1,1,2,20,1,10,0,6,5,64015.73,1,1,11.0668997344311,22,3,3
"5449_34",5449,1,1,1,25,1,15,0,10,5,29566.86,0,1,10.2944432395817,27,3,3
"5449_35",5449,0,3,1,22,1,13,0,15,3,29566.86,0,1,10.2944432395817,24,2,1
"5458_37",5458,1,1,1,24,1,14,0,14,5,35148,0,1,10.467351447332,26,NA,NA
"5458_38",5458,1,1,2,22,1,13,0,14,2,54822,1,1,10.9118650929125,24,NA,NA
"5458_39",5458,1,1,2,16,7,8,NA,NA,NA,54822,1,0,10.9118650929125,18,NA,NA
"5458_40",5458,1,1,2,19,3,12,0,12,5,48112.5,1,0,10.7813180819954,21,NA,NA
"5459_34",5459,0,3,1,21,1,14,1,14,1,50154.16,0,1,10.8228766794232,23,2,3
"5459_35",5459,1,1,1,19,1,11,0,11,4,50154.16,0,1,10.8228766794232,21,3,3
"5462_36",5462,1,1,1,25,1,14,0,16,1,34648,0,1,10.4530241441727,27,3,3
"5462_39",5462,0,3,1,18,7,12,0,7,3,31650,0,0,10.3625250226498,19,3,3
"5463_186",5463,1,1,1,26,1,12,0,9,3,45948.99,0,1,10.735308910156,28,NA,NA
"5463_188",5463,1,1,1,23,1,12,0,14,1,40040,0,1,10.5976592081423,25,NA,NA
"5464_43",5464,1,1,2,26,3,14,0,12,4,29159.16,1,0,10.280558673076,28,NA,NA
"5464_190",5464,1,1,2,25,1,14,0,12,5,38197.69,1,1,10.5505565008129,26,NA,NA
"5476_31",5476,0,3,2,20,1,13,0,11,4,32220.03,1,1,10.3803746239419,22,2,2
"5479_32",5479,1,1,2,21,5,12,0,12,5,20828,1,0,9.94410152542138,23,NA,NA
"5494_38",5494,0,3,1,20,1,12,0,11,3,4337.38,0,1,8.37525628552176,22,NA,NA
"5495_34",5495,1,1,2,24,1,17,0,9,3,34170,1,1,10.4391326101186,26,NA,NA
"5498_34",5498,1,1,1,20,1,11,0,12,4,77990.6,0,1,11.2643564075648,22,NA,NA
"5501_187",5501,1,1,1,20,1,12,0,11,3,43397.78,0,1,10.6781866090943,22,NA,NA
"5503_192",5503,0,3,2,16,7,9,NA,NA,NA,45157.17,1,0,10.7179264948562,18,NA,NA
"5513_35",5513,0,3,1,24,2,11,0,15,3,20315.17,0,1,9.91917239967506,26,NA,NA
"5513_36",5513,0,3,1,22,3,9,NA,NA,NA,24915.07,0,0,10.1232682558098,25,NA,NA
"5526_50",5526,1,2,2,22,3,12,0,15,4,21463.87,1,0,9.97417292426949,24,NA,NA
"5527_31",5527,1,1,2,24,1,12,0,17,2,56271.12,1,1,10.9379544872108,26,NA,NA
"5527_32",5527,1,1,2,23,1,12,0,8,5,56271.12,1,1,10.9379544872108,25,3,3
"5537_46",5537,0,3,2,26,3,14,0,12,4,34673.52,1,0,10.453760402261,28,NA,NA
"5537_48",5537,1,1,1,25,1,12,0,12,4,70717.25,0,1,11.1664589515302,27,NA,NA
"5537_49",5537,0,3,2,23,3,12,0,17,5,28522.29,1,0,10.2584762255188,25,NA,NA
"5537_50",5537,1,1,2,23,7,15,0,6,3,71166.16,1,0,11.172786755043,25,NA,NA
"5537_52",5537,1,1,1,21,8,11,0,16,3,47144,0,0,10.7609832378998,23,NA,NA
"5537_53",5537,1,1,2,20,7,15,0,9,4,71166.16,1,0,11.172786755043,22,NA,NA
"5537_54",5537,1,1,2,21,8,11,0,15,5,56574.28,1,0,10.943327419672,23,NA,NA
"5537_55",5537,1,1,2,21,1,12,0,13,3,126076.31,1,1,11.7446505692042,23,2,3
"5537_56",5537,1,1,1,19,3,12,31,7,5,126076.31,0,0,11.7446505692042,20,NA,NA
"5539_40",5539,0,3,1,26,1,13,0,12,2,30740,0,1,10.3333525474678,28,NA,NA
"5539_41",5539,0,3,1,25,3,13,0,7,1,22313.03,0,0,10.0129709075997,27,NA,NA
"5547_42",5547,1,1,2,18,1,11,0,9,5,48745.11,1,1,10.7943806783704,20,NA,NA
"5553_33",5553,1,1,2,23,1,16,0,18,2,88989.6,1,1,11.3962860251588,25,NA,NA
"5560_42",5560,1,1,2,25,1,16,0,15,3,62374,1,1,11.0409198330538,27,NA,NA
"5560_43",5560,1,1,1,23,7,16,0,17,2,111501.62,0,0,11.6218033673641,25,NA,NA
"5560_44",5560,1,1,2,23,1,15,0,13,4,61480,1,1,11.0264834629724,25,NA,NA
"5560_47",5560,0,3,1,17,7,10,NA,NA,NA,53125.59,0,0,10.8804328351906,19,NA,NA
"5560_48",5560,0,3,2,17,3,10,0,15,4,19566.69,1,0,9.88163501561013,20,NA,NA
"5565_36",5565,1,1,2,23,7,16,10,NA,5,11620.13,1,0,9.36058027180517,25,NA,NA
"5565_37",5565,1,1,2,20,7,14,0,16,5,75308,1,0,11.2293549285582,22,NA,NA
"5566_32",5566,1,2,2,26,1,14,0,11,4,62452.18,1,1,11.0421724349939,28,NA,NA
"5566_33",5566,1,1,1,21,1,12,0,13,2,64136,0,1,11.0687766994685,23,NA,NA
"5569_43",5569,1,1,2,20,6,12,0,9,3,105540.53,1,0,11.5668598037278,22,3,3
"5569_44",5569,1,1,2,18,3,12,0,NA,3,37240,1,0,10.5251655838769,20,NA,NA
"5569_45",5569,1,1,1,18,7,11,0,14,3,50477.76,0,0,10.8293079327296,20,NA,NA
"5570_48",5570,1,1,2,23,1,15,0,13,4,55758.3,1,1,10.9287994915536,25,NA,NA
"5570_49",5570,1,1,1,20,1,14,0,16,1,55644.31,0,1,10.9267530764226,22,NA,NA
"5573_43",5573,0,3,2,27,3,12,0,9,5,27770.81,1,0,10.2317767564267,28,NA,NA
"5573_47",5573,1,1,2,18,3,10,0,12,4,55968.91,1,0,10.9325695038798,19,3,3
"5573_192",5573,0,3,2,24,8,NA,NA,NA,NA,16330.3,1,0,9.70083879087924,26,NA,NA
"5573_193",5573,0,3,1,21,3,12,NA,NA,NA,75448.5,0,0,11.2312188372688,24,2,2
"5576_42",5576,1,1,2,20,3,11,0,7,5,57624,1,0,10.961711780299,22,3,3
"5610_35",5610,1,1,2,23,1,15,0,11,2,21710,1,1,9.98557432353424,25,NA,NA
"5610_38",5610,1,1,2,16,7,10,NA,NA,NA,15460,1,0,9.64607600310259,18,NA,NA
"5611_179",5611,1,1,2,24,1,13,0,11,4,31930,1,1,10.3713326037277,26,NA,NA
"5612_41",5612,1,1,1,26,1,12,0,17,2,43574.49,0,1,10.6822501153049,28,NA,NA
"5613_48",5613,1,1,2,26,1,17,0,13,1,32740.51,1,1,10.3963989708146,28,NA,NA
"5613_49",5613,0,3,1,25,1,10,0,11,2,23474,0,1,10.0636913040765,26,NA,NA
"5613_50",5613,1,1,1,18,1,9,0,14,5,18849.04,0,1,9.84427031488982,20,2,2
"5613_51",5613,1,1,1,20,3,11,0,NA,3,38034.76,0,0,10.5462820488277,22,2,2
"5613_52",5613,1,1,2,18,7,12,0,14,4,38034.76,1,0,10.5462820488277,20,NA,NA
"5614_38",5614,0,3,2,25,1,13,0,13,3,50769.62,1,1,10.8350731198031,27,NA,NA
"5614_40",5614,1,1,1,16,7,NA,NA,NA,NA,38186.79,0,0,10.5502711099931,18,NA,NA
"5619_178",5619,1,1,1,20,3,12,0,11,3,18614.82,0,0,9.83176703583353,22,NA,NA
"5621_35",5621,0,3,2,25,3,13,0,15,2,33442.77,1,0,10.4176208000785,27,NA,NA
"5621_36",5621,1,1,2,23,1,13,0,18,2,63580,1,1,11.0600699625575,25,NA,NA
"5621_37",5621,1,1,1,22,1,11,0,15,2,43436,0,1,10.6790668914495,24,3,2
"5621_38",5621,0,3,2,17,1,12,0,9,4,26020,1,1,10.1666591833034,19,NA,NA
"5623_53",5623,1,1,2,26,8,12,0,13,3,39928.68,1,0,10.5948751860006,28,NA,NA
"5623_55",5623,0,3,1,24,1,12,0,12,3,8080,0,1,8.99727090623345,26,NA,NA
"5623_56",5623,0,3,2,23,3,14,0,7,2,37788,1,0,10.5397733339664,24,NA,NA
"5623_57",5623,0,3,1,22,8,11,0,9,4,47089.28,0,0,10.7598218892807,24,NA,NA
"5623_58",5623,1,1,2,24,3,13,0,13,3,61028,1,0,11.0191044400201,26,NA,NA
"5623_59",5623,1,1,2,20,1,11,0,12,3,43860,1,1,10.6887808215296,22,NA,NA
"5623_61",5623,0,3,1,21,5,10,0,4,5,17263.61,0,0,9.75641402051596,23,NA,NA
"5623_65",5623,0,3,1,18,3,12,0,8,3,79240,0,0,11.2802491206218,21,NA,NA
"5623_66",5623,1,1,1,18,1,13,0,11,3,34453,0,1,10.4473803800063,20,NA,NA
"5623_70",5623,1,1,2,17,7,10,0,11,5,47089.28,1,0,10.7598218892807,19,2,2
"5623_72",5623,1,1,2,17,1,12,0,7,4,43860,1,1,10.6887808215296,20,NA,NA
"5623_200",5623,1,2,1,26,2,13,0,15,3,31141.81,0,1,10.3463386789533,28,NA,NA
"5628_45",5628,0,3,1,18,7,9,0,10,2,42386.58,0,0,10.654610673781,20,3,3
"5628_47",5628,0,3,1,17,7,11,NA,NA,NA,42386.58,0,0,10.654610673781,19,3,3
"5628_48",5628,0,3,1,17,1,9,0,15,1,52954.78,0,1,10.8772125046566,19,NA,NA
"5628_184",5628,0,3,1,20,7,12,NA,NA,NA,42386.58,0,0,10.654610673781,21,2,3
"5628_188",5628,0,3,1,18,7,11,0,16,3,52954.78,0,0,10.8772125046566,21,NA,NA
"5628_197",5628,1,1,2,21,1,12,0,14,3,30331.16,1,1,10.3199638147641,23,NA,NA
"5635_43",5635,1,1,1,25,1,12,0,12,3,42605.43,0,1,10.6597604598345,28,2,2
"5635_46",5635,1,1,2,17,7,11,NA,NA,NA,48500,1,0,10.7893396952697,19,NA,NA
"5636_176",5636,0,3,1,20,8,12,0,6,1,27676,0,0,10.228357022355,22,NA,NA
"5641_38",5641,1,1,1,25,3,NA,0,13,2,47760,0,0,10.7739646858707,27,NA,NA
"5642_180",5642,1,1,2,19,1,12,0,8,3,63017.04,1,1,11.0511763135899,21,NA,NA
"5655_43",5655,1,1,2,19,1,12,0,8,4,34962,1,1,10.4620456384448,21,NA,NA
"5655_44",5655,1,1,1,17,7,11,0,7,4,55739.25,0,0,10.9284577861353,20,2,3
"5656_45",5656,1,2,1,27,1,14,0,16,3,29720,0,1,10.2996091456411,28,NA,NA
"5656_193",5656,1,2,2,25,6,11,0,11,5,77008.32,1,0,11.2516817324722,27,NA,NA
"5663_53",5663,1,1,1,26,3,12,0,9,1,23418.75,0,0,10.0613349624577,28,NA,NA
"5664_181",5664,1,1,2,18,1,11,0,12,4,54320,1,1,10.9026661714888,20,NA,NA
"5676_37",5676,1,2,2,18,7,12,NA,NA,NA,47702,1,0,10.7727495679805,20,NA,NA
"5677_44",5677,1,1,1,24,3,13,0,4,4,37415.96,0,0,10.5298793565493,26,NA,NA
"5677_47",5677,0,3,1,21,3,12,0,12,3,16792.71,0,0,9.72875969052248,23,NA,NA
"5678_41",5678,0,3,2,25,3,12,0,15,3,51100,1,0,10.8415593454719,27,NA,NA
"5680_35",5680,1,1,1,19,7,13,0,8,5,62021.87,0,0,11.0352584669788,22,3,3
"5683_44",5683,0,3,1,18,1,12,0,18,4,64765.84,0,1,11.0785490229676,20,3,3
"5683_46",5683,0,3,1,17,7,9,0,14,3,38732.3,0,0,10.5644549741463,19,NA,NA
"5684_43",5684,1,1,1,18,7,13,0,8,3,47844.15,0,0,10.7757250333323,20,NA,NA
"5684_243",5684,1,1,2,26,1,NA,0,17,3,68758.47,1,1,11.1383697514973,28,NA,NA
"5685_33",5685,1,1,1,17,7,11,0,14,2,71911.38,0,0,11.1832037124756,19,NA,NA
"5693_49",5693,1,1,2,24,1,12,0,11,3,9376,1,1,9.14601516141962,26,NA,NA
"5693_50",5693,1,1,1,22,1,14,0,12,3,72171.64,0,1,11.1868163056938,24,2,2
"5706_40",5706,1,1,2,26,1,14,0,10,4,115784.02,1,1,11.659490474786,28,3,3
"5706_43",5706,1,2,1,23,1,13,0,14,2,144852.41,0,1,11.8834775445152,25,NA,NA
"5748_40",5748,1,1,2,23,1,14,0,9,3,34874.65,1,1,10.4595441569428,24,NA,NA
"5748_42",5748,1,1,2,17,7,NA,NA,NA,NA,28488.57,1,0,10.257293334363,19,2,3
"5749_47",5749,0,3,1,25,1,12,0,16,3,54693.33,0,1,10.9095153267303,27,NA,NA
"5749_48",5749,1,1,2,24,3,14,0,8,5,61222.44,1,0,11.0222854017081,26,NA,NA
"5749_49",5749,1,1,2,21,7,14,0,13,3,61222.44,1,0,11.0222854017081,23,NA,NA
"5757_35",5757,1,1,2,23,1,16,0,7,4,35174.29,1,1,10.4680991264404,25,NA,NA
"5757_38",5757,0,3,2,19,7,12,0,7,5,45918,1,0,10.7346342537528,20,2,2
"5771_31",5771,1,1,1,22,3,13,NA,NA,NA,75244,0,0,11.2285047352208,24,2,2
"5801_36",5801,0,3,1,20,1,12,NA,NA,NA,20503.68,0,1,9.92840843175462,22,NA,NA
"5801_38",5801,1,1,2,20,6,NA,NA,NA,NA,27140,1,0,10.2088007786939,22,NA,NA
"5812_57",5812,0,3,2,27,2,14,0,18,1,22032.89,1,1,10.0003370016029,28,NA,NA
"5812_60",5812,1,1,2,26,1,13,0,15,3,22913.96,1,1,10.0395452513602,27,NA,NA
"5812_63",5812,1,1,1,22,1,12,0,16,1,13748.53,0,1,9.52875992069232,24,NA,NA
"5813_37",5813,1,1,2,24,1,15,0,14,3,57460,1,1,10.9588617357929,26,3,3
"5813_38",5813,1,2,2,21,6,11,0,13,4,13159.2,1,0,9.48495240233222,23,NA,NA
"5814_47",5814,1,1,1,19,1,12,NA,NA,NA,21859.95,0,1,9.9924572191577,21,2,2
"5814_52",5814,1,1,1,17,3,12,NA,NA,NA,7440,0,0,8.91476052739726,19,2,2
"5814_192",5814,0,3,1,20,3,8,NA,NA,NA,21859.95,0,0,9.9924572191577,23,2,1
"5834_34",5834,1,1,2,25,1,12,0,17,5,37504,1,1,10.5322295364037,27,3,3
"5841_35",5841,1,1,1,26,2,14,0,14,3,65350.96,0,1,11.0875427109515,28,NA,NA
"5849_47",5849,1,1,2,26,1,15,0,12,3,67878,1,1,11.1254819873599,28,NA,NA
"5849_49",5849,1,1,2,24,1,12,0,13,3,45502.31,1,1,10.7255403495458,26,NA,NA
"5853_197",5853,1,1,1,24,1,12,0,15,1,24037.25,0,1,10.0874015906583,25,NA,NA
"5858_39",5858,1,1,1,26,1,12,0,14,2,7875.92,0,1,8.97169224350093,27,NA,NA
"5858_40",5858,0,3,2,22,2,12,0,18,1,33336.4,1,1,10.4144351688607,24,NA,NA
"5863_44",5863,0,3,2,26,6,10,0,16,3,15038.75,1,0,9.61845197502525,28,NA,NA
"5863_45",5863,0,3,2,22,6,13,0,12,3,16437.6,1,0,9.70738750683316,25,2,2
"5863_46",5863,1,1,1,20,8,11,0,13,3,16437.6,0,0,9.70738750683316,22,NA,NA
"5863_47",5863,0,3,2,17,3,10,NA,NA,NA,52690,1,0,10.8721999419566,19,2,2
"5864_36",5864,1,1,2,26,7,12,0,12,5,64979.35,1,0,11.0818401954813,28,NA,NA
"5871_32",5871,1,1,2,18,7,11,0,16,4,38072.4,1,0,10.547271154556,20,NA,NA
"5872_42",5872,1,1,2,24,1,14,NA,NA,NA,85029.47,1,1,11.3507649418255,26,NA,NA
"5872_44",5872,1,1,2,19,1,11,0,18,5,22810,1,1,10.0349981547383,20,NA,NA
"5876_34",5876,1,1,1,24,1,15,0,10,3,38270,0,1,10.5524477082064,25,NA,NA
"5901_43",5901,0,3,2,25,3,12,0,14,3,29721.04,1,0,10.2996441371221,27,NA,NA
"5904_49",5904,1,1,2,26,1,14,0,14,2,59504,1,1,10.9938156216165,28,NA,NA
"5904_50",5904,0,3,2,26,1,14,0,15,1,33840,1,1,10.429428364111,28,NA,NA
"5904_52",5904,1,1,2,24,1,12,0,9,4,53882.78,1,1,10.8945847839655,26,NA,NA
"5904_54",5904,1,1,1,22,1,11,0,18,1,26100,0,1,10.1697289067531,24,NA,NA
"5904_56",5904,0,3,2,23,1,12,0,16,2,60700.7,1,1,11.0137269832452,25,NA,NA
"5904_57",5904,1,1,2,22,1,12,0,14,3,60700.7,1,1,11.0137269832452,24,NA,NA
"5904_220",5904,1,1,1,17,7,11,NA,NA,NA,56068.58,0,0,10.934348698453,19,NA,NA
"5909_194",5909,0,3,2,23,1,11,0,16,2,22330,1,1,10.0137311266349,26,NA,NA
"5909_195",5909,0,3,2,20,1,10,0,9,5,49548,1,1,10.8107173579198,22,NA,NA
"5916_38",5916,1,1,2,25,1,12,0,11,4,63847.36,1,1,11.0642661759311,28,NA,NA
"5916_39",5916,1,1,1,25,1,16,0,14,4,32636.99,0,1,10.3932322262995,27,NA,NA
"5916_41",5916,1,1,1,19,8,NA,NA,NA,NA,67468,0,0,11.1194235121095,22,NA,NA
"5916_43",5916,0,3,2,18,3,11,0,12,2,29226.07,1,0,10.282850613601,21,NA,NA
"5916_179",5916,1,1,2,22,3,12,0,14,3,33464.75,1,0,10.4182778067583,24,NA,NA
"5921_33",5921,0,3,2,23,1,12,0,13,4,21104.01,1,1,9.95726573203786,25,NA,NA
"5921_34",5921,1,1,2,21,3,12,0,6,5,135061,1,0,11.8134892112526,22,NA,NA
"5922_246",5922,0,3,2,20,2,9,0,17,2,65188.6,1,1,11.0850552259893,22,NA,NA
"5922_247",5922,0,3,2,21,1,12,0,11,2,23610,1,1,10.069467984117,23,NA,NA
"5922_250",5922,0,3,2,17,7,10,0,9,5,65188.6,1,0,11.0850552259893,19,1,2
"5925_42",5925,1,1,2,26,8,12,0,11,4,37720,1,0,10.5379722475307,28,NA,NA
"5925_46",5925,0,3,1,17,7,11,NA,NA,NA,36800,0,0,10.5132802977009,18,NA,NA
"5926_38",5926,1,1,1,24,1,15,0,17,3,49029.89,0,1,10.8002057866323,26,NA,NA
"5938_34",5938,0,3,2,25,3,12,0,13,3,79155.52,1,0,11.2791824371534,27,1,1
"5938_36",5938,0,3,1,20,1,13,0,12,2,79155.52,0,1,11.2791824371534,22,3,2
"5940_33",5940,1,1,1,17,7,10,NA,NA,NA,98857,0,0,11.5014397560271,19,3,3
"5942_39",5942,1,1,2,21,1,13,0,10,5,47502.29,1,1,10.768554250782,23,NA,NA
"5959_39",5959,1,1,2,21,6,13,0,12,5,18428,1,0,9.82168078983204,23,1,1
"5959_41",5959,1,1,2,19,8,10,NA,NA,NA,32968,1,0,10.4033230050022,21,NA,NA
"5959_181",5959,1,2,2,25,1,14,0,15,2,31770.22,1,1,10.3663161275335,28,NA,NA
"5959_186",5959,1,2,2,23,3,12,0,17,3,31978.26,1,0,10.3728428466581,24,NA,NA
"5960_46",5960,1,1,2,26,1,13,0,15,3,31920.45,1,1,10.3710334765972,28,NA,NA
"5960_47",5960,1,1,2,25,3,10,0,18,4,59564.81,1,0,10.9948370307308,27,NA,NA
"5960_48",5960,1,1,1,25,1,13,0,8,4,21087.89,0,1,9.95650164050878,27,NA,NA
"5960_49",5960,0,3,2,24,1,14,0,9,2,68301.21,1,1,11.1316974022828,25,NA,NA
"5960_52",5960,1,1,1,22,1,14,0,12,3,23785.61,0,1,10.0768780962959,23,NA,NA
"5960_53",5960,0,3,1,21,1,14,0,8,3,114463.01,0,1,11.6480157294225,23,NA,NA
"5960_55",5960,1,1,1,19,1,12,0,8,5,114463.01,0,1,11.6480157294225,21,NA,NA
"5960_56",5960,1,1,1,18,1,13,0,15,2,64564,0,1,11.0754277472808,20,3,3
"5964_33",5964,1,1,2,24,1,12,0,13,3,35123.14,1,1,10.4666439223505,26,NA,NA
"5965_41",5965,1,1,1,19,1,12,0,13,2,66372.75,0,1,11.1030569259752,21,NA,NA
"5968_34",5968,1,1,2,23,1,12,0,12,2,45452,1,1,10.7244341040279,26,NA,NA
"5968_182",5968,1,1,2,24,1,16,0,NA,2,64753.18,1,1,11.0783535334627,26,NA,NA
"5977_36",5977,1,1,2,22,1,13,NA,NA,NA,38280,1,1,10.5527089685277,24,NA,NA
"5984_36",5984,0,3,2,24,3,13,NA,NA,NA,13299.75,1,0,9.49557570359738,26,NA,NA
"5990_38",5990,1,2,1,24,1,12,0,10,4,38568.19,0,1,10.5602090502039,26,NA,NA
"5991_34",5991,1,1,2,24,1,14,0,13,2,26560,1,1,10.187199253484,27,NA,NA
"5995_46",5995,1,1,1,18,1,NA,0,10,4,38088,0,1,10.5476808055181,20,NA,NA
"5998_190",5998,1,1,1,16,6,11,NA,NA,NA,51809.03,0,0,10.8553390388475,18,3,3
"6030_39",6030,1,1,1,21,1,11,0,15,4,19760,0,1,9.8914655773088,23,NA,NA
"6030_40",6030,1,1,2,19,1,13,0,9,4,59760,1,1,10.9981085532678,21,NA,NA
"6030_184",6030,1,1,1,25,7,15,0,11,3,23940,0,0,10.083347749334,28,NA,NA
"6030_185",6030,1,1,2,25,1,15,0,13,2,59760,1,1,10.9981085532678,27,NA,NA
"6040_37",6040,1,1,2,24,1,16,0,13,5,49113.26,1,1,10.8019046993152,26,NA,NA
"6051_39",6051,0,3,1,23,1,14,0,12,3,16643.07,0,1,9.71980927581377,25,NA,NA
"6053_38",6053,0,3,1,24,6,12,0,17,1,24896.55,0,0,10.1225246840375,25,NA,NA
"6054_33",6054,0,3,1,23,1,16,NA,NA,NA,72601.66,0,1,11.1927568392601,26,NA,NA
"6064_42",6064,0,3,2,21,1,13,0,15,2,27481.55,1,1,10.2213065367909,23,NA,NA
"6064_44",6064,1,1,2,18,1,11,0,17,3,23423.08,1,1,10.0615198320558,19,NA,NA
"6069_176",6069,1,1,2,21,1,14,0,16,3,19881.52,1,1,9.8975962327405,23,NA,NA
"6093_41",6093,0,3,2,27,1,12,0,14,3,19720.59,1,1,9.88946925370954,28,NA,NA
"6093_45",6093,0,3,2,18,1,11,0,12,3,73864,1,1,11.2099943817557,20,2,2
"6103_43",6103,1,1,1,24,1,15,0,13,2,66890.03,0,1,11.1108201564092,27,NA,NA
"6103_187",6103,1,1,1,18,1,12,0,6,3,84384,0,1,11.3431449396706,20,NA,NA
"6107_47",6107,1,1,2,26,1,14,0,6,4,28771.74,1,1,10.267183690106,28,NA,NA
"6107_50",6107,1,1,2,22,1,12,0,NA,NA,23900,1,1,10.0816755780485,23,NA,NA
"6107_53",6107,1,1,1,18,7,12,0,10,4,29666.73,0,0,10.2978152021005,21,3,3
"6107_54",6107,1,1,2,16,7,10,NA,NA,NA,29666.73,1,0,10.2978152021005,18,NA,NA
"6107_209",6107,0,3,2,19,1,11,0,7,3,29020,1,1,10.2757749848383,21,NA,NA
"6110_48",6110,1,1,2,22,2,12,0,12,3,60774,1,1,11.0149337991843,25,NA,NA
"6111_34",6111,1,1,2,26,1,16,0,14,3,44560,1,1,10.7046143160011,28,NA,NA
"6112_35",6112,1,1,1,24,1,12,0,12,1,45192.67,0,1,10.7187123117654,26,NA,NA
"6112_37",6112,1,1,2,23,3,12,0,14,3,17570,1,0,9.77400509475789,25,NA,NA
"6112_192",6112,1,1,2,26,3,12,0,9,5,30338.62,1,0,10.3202097281042,28,NA,NA
"6114_222",6114,1,1,1,22,1,12,0,6,2,45532.8,0,1,10.7262101863001,24,NA,NA
"6115_52",6115,0,3,1,26,1,11,0,12,2,27840,0,1,10.2342650333435,28,NA,NA
"6115_56",6115,1,1,2,22,1,12,0,10,2,24506.15,1,1,10.1067201906915,23,NA,NA
"6115_200",6115,0,3,1,18,7,12,0,11,3,128876.06,0,0,11.7666142056726,20,NA,NA
"6120_35",6120,1,1,2,23,1,13,0,8,5,28440,1,1,10.255587045043,25,NA,NA
"6121_57",6121,1,1,1,25,7,12,0,18,1,39184.71,0,0,10.5760674185011,27,NA,NA
"6121_62",6121,0,3,1,24,3,11,0,11,3,39228.82,0,0,10.5771924508678,26,NA,NA
"6121_65",6121,0,3,1,22,6,10,0,15,1,86800,0,0,11.3713734213194,23,1,1
"6121_66",6121,0,3,1,20,3,11,NA,NA,NA,86800,0,0,11.3713734213194,22,3,NA
"6121_68",6121,0,3,1,18,3,11,0,14,2,86800,0,0,11.3713734213194,20,NA,NA
"6125_190",6125,1,1,2,25,1,13,0,12,2,46877.3,1,1,10.7553101607947,27,NA,NA
"6127_39",6127,0,3,1,25,3,12,0,11,1,10274.42,0,0,9.23750991444145,27,3,3
"6127_41",6127,0,3,2,22,8,12,0,16,3,56375.61,1,0,10.9398096351555,24,3,3
"6127_42",6127,0,3,1,18,7,12,0,13,3,11566,0,0,9.3559114952954,20,NA,NA
"6159_41",6159,0,3,1,22,8,12,0,16,1,19412,0,0,9.87369822372538,24,3,3
"6166_59",6166,0,3,2,26,3,12,0,16,3,4035.91,1,0,8.30323482682192,28,NA,NA
"6166_62",6166,1,1,2,25,1,16,0,18,2,39630,1,1,10.5873669192752,27,NA,NA
"6166_64",6166,1,1,2,22,1,13,0,17,3,10265.36,1,1,9.23662780971756,24,3,3
"6166_65",6166,1,1,1,23,1,12,0,16,2,26260,0,1,10.1758402278629,25,NA,NA
"6166_66",6166,1,1,2,21,1,12,0,12,3,15536.74,1,1,9.65102718220007,23,NA,NA
"6166_71",6166,1,1,2,19,1,12,0,18,2,32417.24,1,1,10.3864765063392,20,3,3
"6171_199",6171,1,1,2,23,1,16,0,9,3,90597.96,1,1,11.4141980129365,25,NA,NA
"6191_33",6191,1,1,1,23,3,17,0,12,3,94600,0,0,11.4574233258086,26,NA,NA
"6200_40",6200,0,3,1,27,3,16,0,11,3,57856.31,0,0,10.9657350859181,28,NA,NA
"6200_41",6200,1,1,2,25,1,13,0,12,3,30368,1,1,10.3211776302669,27,NA,NA
"6203_39",6203,0,3,1,18,6,12,0,12,4,12720.05,0,0,9.45101338065709,20,NA,NA
"6205_41",6205,1,1,2,26,1,16,0,14,3,58706.6,1,1,10.9803244693264,27,NA,NA
"6205_42",6205,1,1,1,26,1,12,0,16,1,33040,0,1,10.4055044935207,27,NA,NA
"6205_43",6205,1,1,2,22,1,13,0,10,3,55188.21,1,1,10.9185227421437,25,3,3
"6205_44",6205,0,3,1,22,3,13,0,15,3,45599,0,0,10.7276629955025,24,3,3
"6205_45",6205,0,3,2,24,3,13,0,16,2,19512.44,1,0,9.87885873791062,26,NA,NA
"6205_48",6205,0,3,1,16,7,9,NA,NA,NA,19512.44,0,0,9.87885873791062,18,3,3
"6210_42",6210,0,3,1,22,3,13,0,11,3,29773.52,0,0,10.3014082731868,24,NA,NA
"6212_40",6212,1,1,2,23,1,12,0,16,2,30172,1,1,10.314702763736,26,NA,NA
"6212_179",6212,1,1,2,20,3,12,0,11,5,16100,1,0,9.68663666084494,21,NA,NA
"6212_185",6212,1,1,2,16,7,10,NA,NA,NA,18744.11,1,0,9.83868819738432,18,NA,NA
"6217_37",6217,1,1,2,20,1,13,0,14,4,74264.24,1,1,11.2153982881288,22,NA,NA
"6227_31",6227,1,1,2,26,1,12,0,10,4,127559.82,1,1,11.7563485494508,28,NA,NA
"6231_46",6231,1,1,1,17,7,11,NA,NA,NA,31122,0,0,10.3457023746743,19,2,2
"6232_46",6232,0,3,1,26,3,12,0,15,4,7365,0,0,8.90463009700501,28,NA,NA
"6232_47",6232,1,1,2,26,1,14,0,14,3,80912.48,1,1,11.3011357146296,28,NA,NA
"6233_185",6233,0,3,2,23,1,12,0,6,2,12160,1,1,9.405989388981,25,NA,NA
"6262_39",6262,1,1,1,21,1,12,NA,NA,NA,79912,0,1,11.2886938218988,23,NA,NA
"6262_40",6262,1,1,2,18,1,12,0,10,2,79912,1,1,11.2886938218988,20,NA,NA
"6262_41",6262,1,1,1,16,1,10,NA,NA,NA,79912,0,1,11.2886938218988,18,NA,NA
"6287_46",6287,1,2,1,22,1,12,0,14,2,24612.98,0,1,10.1110698531862,24,NA,NA
"6287_47",6287,1,1,1,21,3,14,0,15,3,47472.15,0,0,10.7679195670434,23,NA,NA
"6287_48",6287,1,1,1,18,1,11,0,14,3,53187,0,1,10.8815880859766,20,3,3
"6316_33",6316,1,1,1,25,1,12,0,16,3,60960,0,1,11.0179895944255,28,NA,NA
"6335_37",6335,1,1,2,25,1,12,0,14,4,54025.33,1,1,10.8972267993044,26,NA,NA
"6335_38",6335,1,1,1,24,3,11,0,9,5,31980,0,0,10.3728972554425,26,1,2
"6335_40",6335,1,1,2,21,1,12,0,8,4,28599.37,1,1,10.2611749337872,23,NA,NA
"6357_36",6357,1,1,1,20,1,12,0,15,1,36040,0,1,10.4924124582852,21,NA,NA
"6357_38",6357,1,1,1,18,6,12,0,10,4,36040,0,0,10.4924124582852,20,NA,NA
"6361_34",6361,1,1,1,25,1,12,0,8,2,49073.02,0,1,10.8010850495107,27,NA,NA
"6365_199",6365,1,1,1,17,1,12,NA,NA,NA,36531,0,1,10.5059438678116,20,NA,NA
"6367_38",6367,1,1,2,22,1,14,0,3,5,52338.16,1,1,10.8655001270444,24,NA,NA
"6367_185",6367,0,3,1,18,7,11,NA,NA,NA,32304.23,0,0,10.3829844156078,20,NA,NA
"6368_36",6368,1,1,2,20,1,12,0,15,2,46126.35,1,1,10.7391613285545,23,NA,NA
"6370_42",6370,1,1,1,26,3,12,0,10,3,36512,0,0,10.5054236405427,27,NA,NA
"6370_43",6370,0,3,2,20,6,12,0,NA,3,18556,1,0,9.82860235534434,22,NA,NA
"6370_44",6370,1,1,1,22,1,14,0,14,2,17326,0,1,9.76002125751085,23,NA,NA
"6370_46",6370,0,3,2,19,3,11,0,8,5,16227.92,1,0,9.69455011485645,21,3,3
"6370_189",6370,1,1,1,26,1,16,0,15,3,15033.9,0,1,9.61812944425319,28,NA,NA
"6375_34",6375,1,1,1,24,3,11,0,15,1,53304,0,0,10.8837854143846,26,NA,NA
"6381_190",6381,1,1,1,24,1,12,0,15,3,54401.81,0,1,10.9041710859218,25,NA,NA
"6381_191",6381,1,1,2,26,1,12,0,8,2,31080,1,1,10.3443519789962,28,NA,NA
"6396_31",6396,0,3,1,26,3,13,0,9,3,34191.65,0,0,10.439765987673,28,NA,NA
"6414_173",6414,1,1,2,26,1,13,0,14,3,27040.51,1,1,10.205128371793,28,NA,NA
"6418_37",6418,0,3,1,18,1,12,0,11,4,69125.46,0,1,11.1436928597589,20,NA,NA
"6434_31",6434,1,1,1,23,1,15,NA,NA,NA,34740,0,1,10.4556758246428,25,NA,NA
"6436_47",6436,0,3,1,26,3,12,0,8,2,27456.69,0,0,10.2204015534237,28,NA,NA
"6436_48",6436,1,2,2,26,2,12,0,10,4,59509.88,1,1,10.9939144319602,28,NA,NA
"6436_49",6436,1,1,1,26,1,12,4,11,3,61730.25,0,1,11.0305455646564,28,NA,NA
"6436_52",6436,1,1,2,21,3,11,0,13,4,61730.25,1,0,11.0305455646564,23,NA,NA
"6438_33",6438,1,1,2,17,7,12,0,6,4,52988.65,1,0,10.8778518904452,19,1,2
"6475_43",6475,1,1,2,24,3,13,0,17,3,45700,1,0,10.729875458481,26,NA,NA
"6478_52",6478,1,1,2,25,2,17,0,12,3,52915.19,1,1,10.8764646201722,27,NA,NA
"6485_42",6485,1,1,1,25,1,12,0,17,1,65781.22,0,1,11.0941048680334,26,NA,NA
"6485_44",6485,0,3,1,21,3,12,0,13,4,56255.6,0,0,10.937678646517,23,3,3
"6485_45",6485,1,1,2,19,3,12,0,9,1,39330,1,0,10.5797682909862,22,NA,NA
"6485_181",6485,1,1,1,26,1,12,4,13,2,54300,0,1,10.9022979219587,28,NA,NA
"6485_192",6485,1,1,2,19,3,10,0,16,3,57620,1,0,10.961642363573,21,3,3
"6495_171",6495,1,1,1,22,1,12,NA,NA,NA,67268.29,0,1,11.116459096482,25,NA,NA
"6509_31",6509,1,1,1,20,3,12,0,8,2,29688.48,0,0,10.2985480532898,22,NA,NA
"6509_33",6509,1,1,2,19,1,11,0,15,3,101600.54,1,1,11.528813971492,21,NA,NA
"6522_33",6522,1,1,2,24,1,12,0,13,4,50501,1,1,10.8297682184396,25,NA,NA
"6537_41",6537,1,1,2,16,7,10,NA,NA,NA,65800,1,0,11.0943903147663,19,NA,NA
"6537_190",6537,1,1,2,25,1,15,0,12,4,61130.32,1,1,11.0207796161153,27,NA,NA
"6539_30",6539,1,1,1,23,1,13,0,13,3,21978.3,0,1,9.99785638031672,25,NA,NA
"6541_31",6541,1,1,2,27,1,17,0,10,3,24157.99,1,1,10.0924118465392,28,NA,NA
"6541_32",6541,1,1,2,22,1,13,0,7,4,109323,1,1,11.6020712292006,24,NA,NA
"6541_34",6541,1,1,2,18,7,12,0,13,3,109323,1,0,11.6020712292006,20,3,3
"6547_33",6547,1,1,2,22,1,14,0,13,4,37194.26,1,1,10.5239366127879,24,NA,NA
"6547_34",6547,1,1,2,17,7,11,NA,NA,NA,73228,1,0,11.2013467963563,19,2,2
"6553_31",6553,1,1,2,26,1,17,0,10,2,71906.66,1,1,11.1831380748912,28,NA,NA
"6557_33",6557,1,1,1,18,6,12,2,10,3,33851.88,0,0,10.429779355962,20,3,2
"6571_39",6571,1,1,1,24,1,12,0,15,2,92580,0,1,11.4358392159959,25,NA,NA
"6571_41",6571,0,3,2,23,1,14,0,13,1,11160,1,1,9.32018083765571,25,NA,NA
"6577_42",6577,0,3,2,22,3,11,0,13,5,25208.35,1,0,10.1349702364303,24,NA,NA
"6577_44",6577,1,1,1,18,7,13,0,13,4,17862,0,0,9.79048681344888,20,NA,NA
"6577_45",6577,0,3,2,16,3,10,NA,NA,NA,39558.31,1,0,10.5855563437241,18,NA,NA
"6577_195",6577,1,1,2,20,1,13,0,8,4,60852.4,1,1,11.0162229719574,23,NA,NA
"6583_51",6583,1,1,2,25,1,15,0,9,5,27725.89,1,1,10.2301579794172,27,NA,NA
"6583_54",6583,1,1,1,23,1,12,0,11,2,36679.69,0,1,10.5100057375348,25,NA,NA
"6583_72",6583,0,3,2,16,3,9,NA,NA,NA,14792.13,1,0,9.60191816279386,18,NA,NA
"6588_179",6588,1,1,1,20,3,12,0,10,3,28571.84,0,0,10.2602118952547,22,NA,NA
"6589_38",6589,1,1,1,16,7,10,NA,NA,NA,20612.52,0,0,9.93370245017962,18,NA,NA
"6590_45",6590,1,1,2,26,1,15,0,10,3,35826.79,1,1,10.4864791282404,28,NA,NA
"6590_50",6590,0,3,2,19,3,12,0,12,4,24849,1,0,10.1206130315248,21,NA,NA
"6590_51",6590,1,1,2,17,3,12,0,14,2,78609.99,1,0,11.2722667905261,20,3,3
"6591_39",6591,1,1,2,25,1,14,0,6,4,33759,1,1,10.4270319487099,27,NA,NA
"6591_40",6591,0,3,1,22,1,14,0,12,4,32715.07,0,1,10.3956216734784,23,NA,NA
"6605_40",6605,1,1,1,21,3,12,0,16,3,24390.86,0,0,10.1020047490649,23,3,3
"6605_209",6605,1,1,1,25,3,12,0,8,3,24390.86,0,0,10.1020047490649,27,NA,NA
"6615_36",6615,1,1,2,24,1,16,0,12,2,75268.8,1,1,11.2288342709239,27,NA,NA
"6616_37",6616,1,2,2,23,3,12,0,14,3,26727.17,1,0,10.1934733443875,25,NA,NA
"6616_201",6616,1,1,1,26,1,17,0,NA,5,101086.86,0,1,11.5237453186689,28,NA,NA
"6625_35",6625,1,1,2,25,7,16,0,16,3,32552.75,1,0,10.3906478483741,28,NA,NA
"6626_39",6626,1,1,2,24,2,14,0,8,3,27636.02,1,1,10.226911457308,26,NA,NA
"6639_40",6639,1,1,1,24,8,12,0,10,5,62690,0,0,11.0459731756482,26,NA,NA
"6646_40",6646,1,1,1,26,1,12,0,13,3,39780,0,1,10.5911446903524,28,NA,NA
"6646_41",6646,1,1,1,24,3,12,0,6,2,57301.65,0,0,10.9561021494519,25,NA,NA
"6646_43",6646,0,3,2,20,3,11,0,6,4,58517.97,1,0,10.9771062541589,22,2,2
"6655_43",6655,1,1,1,21,1,12,0,14,3,37508,0,1,10.5323361831631,23,NA,NA
"6655_45",6655,0,3,2,19,3,12,0,16,2,53454.71,1,0,10.8866087395594,21,1,1
"6674_35",6674,1,1,2,19,1,12,0,8,5,29888.49,1,1,10.3052621925697,21,NA,NA
"6682_34",6682,1,1,1,24,1,16,NA,NA,NA,45508.39,0,1,10.7256739572733,26,3,2
"6682_36",6682,1,1,1,21,1,12,0,11,3,40656,0,1,10.612926301873,23,NA,NA
"6682_37",6682,0,3,1,16,7,10,NA,NA,NA,45508.39,0,0,10.7256739572733,18,NA,NA
"6682_178",6682,1,1,1,18,1,12,0,14,2,43245.88,0,1,10.6746803710296,21,2,2
"6682_179",6682,1,1,2,17,1,12,0,12,3,43245.88,1,1,10.6746803710296,20,NA,NA
"6684_40",6684,1,1,1,27,1,12,NA,NA,NA,163104,0,1,12.0021494441785,28,NA,NA
"6684_42",6684,1,1,2,24,1,13,0,NA,3,66909.6,1,1,11.1111126790061,27,3,2
"6698_33",6698,1,1,2,26,1,17,0,11,3,37976.67,1,1,10.5447536344065,28,NA,NA
"6706_38",6706,1,1,1,24,6,12,0,17,3,49147.53,0,0,10.8026022166845,26,NA,NA
"6707_35",6707,1,1,1,18,7,11,0,14,3,48258.92,0,0,10.7843566814901,20,NA,NA
"6721_36",6721,1,1,1,23,6,12,0,14,4,32737.87,0,0,10.396318335974,24,NA,NA
"6724_40",6724,1,1,1,26,8,12,0,7,2,27214.08,0,0,10.2115265104194,28,NA,NA
"6724_43",6724,1,1,2,26,7,13,0,16,2,53945,1,0,10.8957388252128,28,NA,NA
"6735_45",6735,0,3,2,26,1,12,0,13,3,21470,1,1,9.97445846640671,28,NA,NA
"6735_49",6735,0,3,2,21,3,10,NA,NA,NA,14587.73,1,0,9.58800459180625,23,NA,NA
"6736_40",6736,1,1,1,26,1,12,0,18,3,22868,0,1,10.0375375606564,28,NA,NA
"6738_35",6738,1,1,1,19,8,11,0,10,4,68808.06,0,0,11.1390907012981,22,NA,NA
"6738_187",6738,1,1,2,21,7,12,0,13,5,68808.06,1,0,11.1390907012981,23,NA,NA
"6765_39",6765,1,1,1,20,1,13,0,15,2,66862.76,0,1,11.1104123953058,22,NA,NA
"6779_43",6779,0,3,2,25,1,12,0,9,5,51545,1,1,10.8502298918661,27,NA,NA
"6779_218",6779,0,3,2,19,3,12,0,9,3,69130.52,1,0,11.1437660562573,21,NA,NA
"6780_39",6780,1,1,2,21,1,13,0,14,4,29620,1,1,10.2962388482242,23,NA,NA
"6780_40",6780,1,1,2,19,1,13,0,12,3,62350,1,1,11.0405349894719,22,3,2
"6785_37",6785,0,3,1,25,3,12,0,16,3,21680,0,0,9.98419157995109,27,NA,NA
"6785_180",6785,0,3,2,21,3,12,0,13,2,43344,1,0,10.6769466353027,24,NA,NA
"6785_181",6785,0,3,1,20,3,11,0,11,3,26556,0,0,10.1870486454036,22,3,3
"6790_38",6790,0,3,2,22,3,16,0,16,4,97202.86,1,0,11.4845657015942,25,3,3
"6793_40",6793,1,1,2,25,1,17,0,9,4,80551,1,1,11.2966582175954,27,NA,NA
"6798_41",6798,1,1,2,18,7,11,0,5,5,31464.93,1,0,10.3566606521745,20,NA,NA
"6800_179",6800,1,1,1,20,1,13,0,13,2,39544,0,1,10.5851945429535,22,NA,NA
"6822_31",6822,1,1,2,24,1,13,0,12,2,54207.5,1,1,10.9005930017,26,NA,NA
"6822_32",6822,1,1,2,24,1,17,0,13,3,118429.17,1,1,11.6820787831616,26,3,3
"6822_177",6822,1,1,2,26,3,12,0,NA,NA,118429.17,1,0,11.6820787831616,28,NA,NA
"6832_44",6832,1,1,2,25,1,12,0,8,4,53625.48,1,1,10.8897982549171,27,NA,NA
"6838_34",6838,0,3,1,19,7,10,0,15,3,45459,0,0,10.7245880974065,21,NA,NA
"6839_41",6839,1,1,2,18,7,11,0,15,3,33110.48,1,0,10.4076353290289,20,NA,NA
"6839_187",6839,1,1,2,21,7,13,0,16,5,70880,1,0,11.1687576935316,24,NA,NA
"6840_33",6840,1,1,2,25,1,13,0,15,3,31934,1,1,10.3714578659957,27,NA,NA
"6845_43",6845,1,1,1,25,1,12,0,13,2,22111.97,0,1,10.0039195931885,27,NA,NA
"6845_44",6845,1,1,2,23,6,12,0,10,2,36980,1,0,10.5181595462196,25,NA,NA
"6845_185",6845,0,3,2,22,1,12,0,12,3,19468.76,1,1,9.87661777163388,24,NA,NA
"6849_32",6849,1,1,2,25,3,NA,NA,NA,NA,29267.21,1,0,10.2842572230499,28,NA,NA
"6849_33",6849,1,1,2,25,1,14,0,10,4,53372.34,1,1,10.8850666493447,28,NA,NA
"6851_32",6851,1,1,1,21,1,12,0,9,3,17366.52,0,1,9.76235707414259,24,NA,NA
"6853_175",6853,1,1,2,24,8,12,0,11,3,32307.73,1,0,10.3830927513298,26,NA,NA
"6857_31",6857,0,3,2,18,6,12,0,14,3,21317,1,0,9.96730706524908,20,NA,NA
"6862_48",6862,0,3,2,21,3,12,0,8,4,33580,1,0,10.4217157098189,24,2,2
"6864_39",6864,1,1,2,24,1,11,0,15,4,78874,1,1,11.2756195998435,26,NA,NA
"6867_36",6867,0,3,1,25,3,13,0,15,3,11212,0,0,9.32482909846088,27,NA,NA
